Operation_ID,ID,Op_role,Tie_ID,Kinship,Tie_Year,Tie_Extinguish,01,03,04,05,06,07,08,09,10,11,12,13,14,15,18,19,20,22,23,25,26,27,28
11,1,6,2,,1989,,,,,,,,,,,2,,,,,,,,,,,,,
11,1,6,3,,1989,,,,,,,,,,,2,,,,,,,,,,,,,
11,1,6,4,,1989,,,,,,,,,,,2,,,,,,,,,,,,,
11,1,6,15,,1989,,,,,,,,,,,1,,,,,,,,,,,,,
11,1,6,19,,1989,,,,,,,,,,,2,,,,,,,,,,,,,
11,1,6,24,,1989,,,,,,,,,,,2,,,,,,,,,,,,,
11,1,6,37,,1989,,,,,,,,,,,1,,,,,,,,,,,,,
11,1,6,39,,1989,,,,,,,,,,,1,,,,,,,,,,,,,
11,1,6,52,,1989,,,,,,,,,,,1,,,,,,,,,,,,,
11,1,6,55,,1989,,,,,,,,,,,1,,,,,,,,,,,,,
11,1,6,56,,1989,,,,,,,,,,,1,,,,,,,,,,,,,
11,1,6,105,,1989,,,,,,,,,,,2,,,,,,,,,,,,,
15,1,6,8,,1990-1999,,,,,,,,,,,,,,,2,,,,,,,,,
15,1,6,37,,1998,,,,,,,,,,,,,,,2,,,,,,,,,
15,1,6,55,,1998,,,,,,,,,,,,,,,2,,,,,,,,,
15,1,6,105,,1990-1994,,,,,,,,,,,,,,,2,,,,,,,,,
19,1,6,293,,2001,2001,,,,,,,,,,,,,,,,1,,,,,,,
19,1,6,296,,2001,2001,,,,,,,,,,,,,,,,1,,,,,,,
7,2,,13,,1989,,,,,,,1,,,,,,,,,,,,,,,,,
10,2,,17,,1989,,,,,,,,,,3,,,,,,,,,,,,,,
10,2,,21,,1989,,,,,,,,,,1,,,,,,,,,,,,,,
10,2,,23,,1989,,,,,,,,,,1,,,,,,,,,,,,,,
10,2,,25,,1989,,,,,,,,,,1,,,,,,,,,,,,,,
10,2,,30,,1989,,,,,,,,,,1,,,,,,,,,,,,,,
10,2,,32,,1989,,,,,,,,,,2,,,,,,,,,,,,,,
10,2,,33,,1989,,,,,,,,,,1,,,,,,,,,,,,,,
10,2,,40,,1989,,,,,,,,,,1,,,,,,,,,,,,,,
11,2,13,1,,1989,,,,,,,,,,,2,,,,,,,,,,,,,
11,2,13,3,,1989,,,,,,,,,,,2,,,,,,,,,,,,,
11,2,13,4,,1989,,,,,,,,,,,2,,,,,,,,,,,,,
11,2,13,39,,1989,,,,,,,,,,,1,,,,,,,,,,,,,
11,3,2,1,,1989,,,,,,,,,,,2,,,,,,,,,,,,,
11,3,2,2,,1989,,,,,,,,,,,2,,,,,,,,,,,,,
11,3,2,4,,1989,,,,,,,,,,,2,,,,,,,,,,,,,
11,3,2,15,,1989,,,,,,,,,,,1,,,,,,,,,,,,,
11,3,2,24,,1989,,,,,,,,,,,1,,,,,,,,,,,,,
11,3,2,50,,1993,1998,,,,,,,,,,1,,,,,,,,,,,,,
11,3,2,51,,1991,,,,,,,,,,,1,,,,,,,,,,,,,
11,4,13,1,,1989,,,,,,,,,,,2,,,,,,,,,,,,,
11,4,13,2,,1989,,,,,,,,,,,2,,,,,,,,,,,,,
11,4,13,3,,1989,,,,,,,,,,,2,,,,,,,,,,,,,
11,4,13,37,,1989,,,,,,,,,,,1,,,,,,,,,,,,,
11,4,13,50,,1989,,,,,,,,,,,1,,,,,,,,,,,,,
1,5,6,38,,1989,,1,,,,,,,,,,,,,,,,,,,,,,
1,5,6,41,,1989,1998,1,,,,,,,,,,,,,,,,,,,,,,
1,5,6,358,,1993,1998,1,,,,,,,,,,,,,,,,,,,,,,
12,7,5 (2),344,,1989,,,,,,,,,,,,1,,,,,,,,,,,,
12,7,5 (2),345,,1989,,,,,,,,,,,,1,,,,,,,,,,,,
12,7,5 (2),1399,,1990-1999,,,,,,,,,,,,2,,,,,,,,,,,,
13,7,12,250,,1989,,,,,,,,,,,,,1,,,,,,,,,,,
13,7,12,255,,1989,,,,,,,,,,,,,1,,,,,,,,,,,
13,7,12,256,,1998,,,,,,,,,,,,,1,,,,,,,,,,,
13,7,12,257,,1989,,,,,,,,,,,,,1,,,,,,,,,,,
13,7,12,264,,1989,,,,,,,,,,,,,1,1,,,,,,,,,,
14,7,13,264,,,,,,,,,,,,,,,,1,,,,,,,,,,
14,7,13,269,,1989,,,,,,,,,,,,,,1,,,,,,,,,,
14,7,13,270,,1989,,,,,,,,,,,,,,1,,,,,,,,,,
14,7,13,271,,1989,,,,,,,,,,,,,,1,,,,,,,,,,
19,7,3,293,,1989,2001,,,,,,,,,,,,,,,,1,,,,,,,
19,7,3,296,,1989,2001,,,,,,,,,,,,,,,,1,,,,,,,
20,7,12,298,,2001,2002,,,,,,,,,,,,,,,,,1,,,,,,
15,8,12,1,,1990-1999,,,,,,,,,,,,,,,2,,,,,,,,,
15,8,12,37,,1999,,,,,,,,,,,,,,,2,,,,,,,,,
26,8,6,55,,2000,,,,,,,,,,,,,,,,,,,,,,2,,
15,8,12,93,,1999,,,,,,,,,,,,,,,2,,,,,,,,,
15,8,12,357,,1995-1999,,,,,,,,,,,,,,,1,,,,,,,,,
15,8,12,1346,,1999,2000,,,,,,,,,,,,,,2,,,,,,,,,
15,8,12,1347,,1999,2000,,,,,,,,,,,,,,2,,,,,,,,,
15,8,12,1348,,1990,,,,,,,,,,,,,,,2,,,,,,,,,
26,8,6,1323,,2000,,,,,,,,,,,,,,,,,,,,,,2,,
9,10,6,281,,1997,2001,,,,,,,,2,,,,,,,,,,,,,,,
7,13,5 (3),2,,1989,,,,,,,2,,,,,,,,,,,,,,,,,
7,13,5 (3),1422,,1995,,,,,,,2,,,,,,,,,,,,,,,,,
1; 5,14,4,41,2,1989,,2,,,2,,,,,,,,,,,,,,,,,,,
5,14,4,42,,1993,,,,,1,,,,,,,,,,,,,,,,,,,
5,14,4,43,,1989,,,,,1,,,,,,,,,,,,,,,,,,,
22,14,5 (3),53,,1989,2003,,,,,,,,,,,,,,,,,,1,,,,,
22,14,5 (3),1481,,2002,2002,,,,,,,,,,,,,,,,,,1,,,,,
22,14,5 (3),1482,,2002,2002,,,,,,,,,,,,,,,,,,1,,,,,
22,14,5 (3),1483,,2002,2002,,,,,,,,,,,,,,,,,,1,,,,,
22,14,5 (3),1493,,2002,2002,,,,,,,,,,,,,,,,,,1,,,,,
22,14,5 (3),1494,,2002,2002,,,,,,,,,,,,,,,,,,1,,,,,
22,14,5 (3),1495,,2002,2003,,,,,,,,,,,,,,,,,,2,,,,,
22,14,5 (3),1496,,2002,2003,,,,,,,,,,,,,,,,,,2,,,,,
23,14,5 (2); 12; 4,87,,2002,2002,,,,,,,,,,,,,,,,,, ,1,,,,
23,14,5 (2); 12; 4,104,,1990-1999,2003,,,,,,,,,,,,,,,,,,,2,,,,
23,14,5 (2); 12; 4,1385,,2002,2002,,,,,,,,,,,,,,,,,,,1,,,,
23,14,5 (2); 12; 4,1386,,2002,2003,,,,,,,,,,,,,,,,,,,1,,,,
23,14,5 (2); 12; 4,1387,,2002,2003,,,,,,,,,,,,,,,,,,,2,,,,
11,15,9,1,,1989,,,,,,,,,,,1,,,,,,,,,,,,,
11,15,9,3,,1989,,,,,,,,,,,1,,,,,,,,,,,,,
11,15,9,50,,1998,1998,,,,,,,,,,2,,,,,,,,,,,,,
11,15,9,51,,1998,,,,,,,,,,,2,,,,,,,,,,,,,
11,15,9,56,,1998,1998,,,,,,,,,,2,,,,,,,,,,,,,
11,15,9,1474,,1998,,,,,,,,,,,2,,,,,,,,,,,,,
11,15,9,1476,,1998,1998,,,,,,,,,,2,,,,,,,,,,,,,
11,15,9,1477,,1998,,,,,,,,,,,2,,,,,,,,,,,,,
10,17,,2,,1989,,,,,,,,,,3,,,,,,,,,,,,,,
10,17,,35,,1989,,,,,,,,,,1,,,,,,,,,,,,,,
12,18,6,344,,,,,,,,,,,,,,1,,,,,,,,,,,,
14,18,6,238,,1989,,,,,,,,,,,,,,1,,,,,,,,,,
14,18,6,264,,1989,,,,,,,,,,,,,,1,,,,,,,,,,
14,18,6,269,,1989,,,,,,,,,,,,,,1,,,,,,,,,,
11,19,4,1,,1989,,,,,,,,,,,2,,,,,,,,,,,,,
11,19,4,24,,1989,,,,,,,,,,,1,,,,,,,,,,,,,
11,19,4,1473,,1993,1998,,,,,,,,,,1,,,,,,,,,,,,,
10,21,,2,,1991,,,,,,,,,,1,,,,,,,,,,,,,,
10,21,,23,,1991,,,,,,,,,,2,,,,,,,,,,,,,,
10,21,,25,,1991,,,,,,,,,,2,,,,,,,,,,,,,,
10,23,,2,,1990,,,,,,,,,,1,,,,,,,,,,,,,,
10,23,,21,,1990,,,,,,,,,,2,,,,,,,,,,,,,,
10,23,,25,,1990,,,,,,,,,,2,,,,,,,,,,,,,,
11,24,13,1,,1989,,,,,,,,,,,2,,,,,,,,,,,,,
11,24,13,3,,1989,,,,,,,,,,,1,,,,,,,,,,,,,
11,24,13,19,,1989,,,,,,,,,,,1,,,,,,,,,,,,,
11,24,13,50,,1989,,,,,,,,,,,1,,,,,,,,,,,,,
11,24,13,51,,1989,,,,,,,,,,,1,,,,,,,,,,,,,
10,25,,2,,1990,,,,,,,,,,1,,,,,,,,,,,,,,
10,25,,21,,1990,,,,,,,,,,2,,,,,,,,,,,,,,
10,25,,23,,1990,,,,,,,,,,2,,,,,,,,,,,,,,
18,27,4,284,,,,,,,,,,,,,,,,,,1,,,,,,,,
10,30,,2,,1990,,,,,,,,,,1,,,,,,,,,,,,,,
10,30,,31,,1990,,,,,,,,,,2,,,,,,,,,,,,,,
10,30,,33,,1990,,,,,,,,,,1,,,,,,,,,,,,,,
10,30,,35,,1990,,,,,,,,,,1,,,,,,,,,,,,,,
10,31,,30,,1991,,,,,,,,,,2,,,,,,,,,,,,,,
10,31,,33,,1991,,,,,,,,,,1,,,,,,,,,,,,,,
10,31,,35,,1991,,,,,,,,,,1,,,,,,,,,,,,,,
10,32,,2,,1989,,,,,,,,,,2,,,,,,,,,,,,,,
10,33,,2,,1989,,,,,,,,,,1,,,,,,,,,,,,,,
10,33,,30,,1989,,,,,,,,,,1,,,,,,,,,,,,,,
10,33,,31,,1989,,,,,,,,,,1,,,,,,,,,,,,,,
10,35,,17,,1993,,,,,,,,,,1,,,,,,,,,,,,,,
10,35,,30,,1993,,,,,,,,,,1,,,,,,,,,,,,,,
10,35,,31,,1993,,,,,,,,,,1,,,,,,,,,,,,,,
11,37,5 (3),1,,1989,,,,,,,,,,,1,,,,,,,,,,,,,
11,37,5 (3),4,,1989,,,,,,,,,,,1,,,,,,,,,,,,,
11,37,5 (3),55,,1989,,,,,,,,,,,1,,,,,,,,,,,,,
15,37,5 (2); 3; 11,1,,1998,,,,,,,,,,,,,,,2,,,,,,,,,
15,37,5 (2); 3; 11,8,,1999,,,,,,,,,,,,,,,2,,,,,,,,,
15; 26,37,5 (2); 3; 11,64,,1989,,,,,,,,,,,,,,,1,,,,,,,1,,
15,37,5 (2); 3; 11,92,,1989,,,,,,,,,,,,,,,1,,,,,,,,,
15,37,5 (2); 3; 11,93,,1999,,,,,,,,,,,,,,,2,,,,,,,,,
15,37,5 (2); 3; 11,1346,,1999,2000,,,,,,,,,,,,,,2,,,,,,,,,
15,37,5 (2); 3; 11,1347,,1999,2000,,,,,,,,,,,,,,2,,,,,,,,,
1,38,5 (1),5,,1989,,1,,,,,,,,,,,,,,,,,,,,,,
1,38,5 (1),41,,1989,,1,,,,,,,,,,,,,,,,,,,,,,
1,38,5 (1),1300,,1989,1994,2,,,,,,,,,,,,,,,,,,,,,,
1,38,5 (1),1301,,1992,1994,2,,,,,,,,,,,,,,,,,,,,,,
1,38,5 (1),1304,,1992,1994,2,,,,,,,,,,,,,,,,,,,,,,
1,38,5 (1),1305,,1989,1994,2,,,,,,,,,,,,,,,,,,,,,,
1,38,5 (1),1308,,,1998,3,,,,,,,,,,,,,,,,,,,,,,
11,39,4,1,,1989,,,,,,,,,,,1,,,,,,,,,,,,,
11,39,4,2,,1989,,,,,,,,,,,1,,,,,,,,,,,,,
10,40,,2,,1989,,,,,,,,,,1,,,,,,,,,,,,,,
1,41,5 (2),5,,1989,,1,,,,,,,,,,,,,,,,,,,,,,
1,41,5 (2),38,,1989,,1,,,,,,,,,,,,,,,,,,,,,,
1,41,5 (2),358,,1992,1994,1,,,,,,,,,,,,,,,,,,,,,,
1,41,5 (2),1301,,1992,1994,2,,,,,,,,,,,,,,,,,,,,,,
1,41,5 (2),1302,,1992,1994,2,,,,,,,,,,,,,,,,,,,,,,
1,41,3; 5 (2); 9,1303,,1992,1997,2,,,,,,,,,,,,,,,,,,,,,,
1,41,3; 5 (2); 9,1304,,1993,1993,2,,,,,,,,,,,,,,,,,,,,,,
1,41,5 (2),1305,,1992,1994,2,,,,,,,,,,,,,,,,,,,,,,
1; 5,41,5 (3),14,2,1989,,2,,,2,,,,,,,,,,,,,,,,,,,
5,41,5 (3),42,,1989,,,,,2,,,,,,,,,,,,,,,,,,,
5,41,5 (3),43,,1989,,,,,1,,,,,,,,,,,,,,,,,,,
5,41,5 (3),44,,1989,,,,,2,,,,,,,,,,,,,,,,,,,
5,41,4,358,,1995,,,,,1,,,,,,,,,,,,,,,,,,,
5,42,9,14,,1993,,,,,1,,,,,,,,,,,,,,,,,,,
5,42,9,41,,1993,,,,,2,,,,,,,,,,,,,,,,,,,
5,42,9,43,,1993,,,,,1,,,,,,,,,,,,,,,,,,,
5,42,9,44,,1993,,,,,2,,,,,,,,,,,,,,,,,,,
5,43,4,14,,1989,,,,,1,,,,,,,,,,,,,,,,,,,
5,43,4,41,,1989,,,,,1,,,,,,,,,,,,,,,,,,,
5,43,4,42,,1989,,,,,1,,,,,,,,,,,,,,,,,,,
5,43,4,44,,1989,,,,,1,,,,,,,,,,,,,,,,,,,
5,43,4,358,,1989,,,,,2,,,,,,,,,,,,,,,,,,,
5,44,13,41,,1992,,,,,2,,,,,,,,,,,,,,,,,,,
5,44,13,42,,1992,,,,,2,,,,,,,,,,,,,,,,,,,
5,44,13,43,,1992,,,,,1,,,,,,,,,,,,,,,,,,,
6,45,5 (3),46,,1993,1996,,,,,2,,,,,,,,,,,,,,,,,,
6,45,5 (3),47,,1993,1996,,,,,2,,,,,,,,,,,,,,,,,,
6,45,5 (3),48,,1993,1996,,,,,2,,,,,,,,,,,,,,,,,,
6,46,,45,,1992,1996,,,,,2,,,,,,,,,,,,,,,,,,
6,46,,47,,1992,1996,,,,,2,,,,,,,,,,,,,,,,,,
6,46,,48,,1992,1996,,,,,2,,,,,,,,,,,,,,,,,,
6,47,,45,,1991,1996,,,,,2,,,,,,,,,,,,,,,,,,
6,47,,46,,1991,1996,,,,,2,,,,,,,,,,,,,,,,,,
6,47,,48,,1991,1996,,,,,2,,,,,,,,,,,,,,,,,,
6,48,,45,,1992,1996,,,,,2,,,,,,,,,,,,,,,,,,
6,48,,46,,1992,1996,,,,,2,,,,,,,,,,,,,,,,,,
6,48,,47,,1992,1996,,,,,2,,,,,,,,,,,,,,,,,,
11,50,9,3,,1993,1998,,,,,,,,,,1,,,,,,,,,,,,,
11,50,9,4,,1993,1998,,,,,,,,,,1,,,,,,,,,,,,,
11,50,9,15,,1998,1998,,,,,,,,,,2,,,,,,,,,,,,,
11,50,9,24,,1993,1998,,,,,,,,,,1,,,,,,,,,,,,,
11,50,9,51,,1993,1998,,,,,,,,,,2,,,,,,,,,,,,,
11,50,9,56,,1998,1998,,,,,,,,,,2,,,,,,,,,,,,,
11,50,9,1474,,1998,1998,,,,,,,,,,1,,,,,,,,,,,,,
11,50,9,1476,,1998,1998,,,,,,,,,,2,,,,,,,,,,,,,
11,50,9,1477,,1998,1998,,,,,,,,,,2,,,,,,,,,,,,,
11,51,5 (0); 8,3,,1991,,,,,,,,,,,1,,,,,,,,,,,,,
11,51,5 (0); 8,15,,1998,,,,,,,,,,,2,,,,,,,,,,,,,
11,51,5 (0); 8,24,,1991,,,,,,,,,,,1,,,,,,,,,,,,,
11,51,5 (0); 8,50,,1993,1998,,,,,,,,,,2,,,,,,,,,,,,,
11,51,5 (0); 8,52,,1991,,,,,,,,,,,1,,,,,,,,,,,,,
11,51,5 (0); 8,56,,1998,1998,,,,,,,,,,2,,,,,,,,,,,,,
11,51,5 (0); 8,1474,,1998,,,,,,,,,,,1,,,,,,,,,,,,,
11,51,5 (0); 8,1475,,1998,,,,,,,,,,,1,,,,,,,,,,,,,
11,51,5 (0); 8,1476,,1998,1998,,,,,,,,,,2,,,,,,,,,,,,,
11,51,5 (0); 8,1477,,1998,,,,,,,,,,,2,,,,,,,,,,,,,
25,51,,1390,,2002,,,,,,,,,,,,,,,,,,,,,2,,,
25,51,,1391,,2002,,,,,,,,,,,,,,,,,,,,,2,,,
25,51,,1392,,2002,,,,,,,,,,,,,,,,,,,,,1,,,
25,51,,1393,,2002,,,,,,,,,,,,,,,,,,,,,1,,,
25,51,,1394,,2002,,,,,,,,,,,,,,,,,,,,,1,,,
25,51,,1396,,2002,,,,,,,,,,,,,,,,,,,,,1,,,
25,51,,1397,,2002,,,,,,,,,,,,,,,,,,,,,1,,,
11,52,5 (0),1,,1994,,,,,,,,,,,1,,,,,,,,,,,,,
11,52,5 (0),51,,1994,,,,,,,,,,,1,,,,,,,,,,,,,
11,52,5 (0),1475,,1998,,,,,,,,,,,2,,,,,,,,,,,,,
11,52,5 (0),1477,,1998,,,,,,,,,,,2,,,,,,,,,,,,,
11,52,5 (0),1478,,1998,,,,,,,,,,,2,,,,,,,,,,,,,
11,52,5 (0),1479,,1998,,,,,,,,,,,2,,,,,,,,,,,,,
11,52,5 (0),1480,,1998,1998,,,,,,,,,,2,,,,,,,,,,,,,
22,53,5 (3),14,,1993,,,,,,,,,,,,,,,,,,,1,,,,,
22,53,5 (3),1484,,1995-1999,2002,,,,,,,,,,,,,,,,,,2,,,,,
22,53,5 (3),1489,,2002,2002,,,,,,,,,,,,,,,,,,2,,,,,
22,53,5 (3),1490,,2002,2002,,,,,,,,,,,,,,,,,,2,,,,,
22,53,5 (3),1492,,2002,2002,,,,,,,,,,,,,,,,,,1,,,,,
11,55,5 (3),1,,1989,,,,,,,,,,,1,,,,,,,,,,,,,
11,55,5 (3),37,,1989,,,,,,,,,,,1,,,,,,,,,,,,,
11; 15,55,5 (3),105,,1989,,,,,,,,,,,1,,,,1,,,,,,,,,
15,55,5 (2),1,,1998,,,,,,,,,,,,,,,2,,,,,,,,,
15,55,5 (2),92,,1989,,,,,,,,,,,,,,,1,,,,,,,,,
15,55,5 (2),120,,1989,,,,,,,,,,,,,,,1,,,,,,,,,
15,55,5 (2),121,,1989,,,,,,,,,,,,,,,1,,,,,,,,,
15,55,5 (2),1346,,,2000,,,,,,,,,,,,,,2,,,,,,,,,
15,55,5 (2),1347,,2000,2000,,,,,,,,,,,,,,2,,,,,,,,,
26,55,5 (2),8,,2000,,,,,,,,,,,,,,,,,,,,,,2,,
26,55,5 (2),84,,2000,2002,,,,,,,,,,,,,,,,,,,,,2,,
11,56,8,1,,1996,,,,,,,,,,,1,,,,,,,,,,,,,
11,56,8,15,,1998,1998,,,,,,,,,,2,,,,,,,,,,,,,
11,56,8,50,,1998,1998,,,,,,,,,,2,,,,,,,,,,,,,
11,56,8,51,,1998,1998,,,,,,,,,,2,,,,,,,,,,,,,
11,56,8,105,,,,,,,,,,,,,1,,,,,,,,,,,,,
11,56,8,1474,,1998,1998,,,,,,,,,,2,,,,,,,,,,,,,
11,56,8,1476,,1998,1998,,,,,,,,,,2,,,,,,,,,,,,,
11,56,8,1477,,1998,1998,,,,,,,,,,2,,,,,,,,,,,,,
15; 26,64,13,37,,1997,,,,,,,,,,,,,,,1,,,,,,,1,,
26,84,5 (2),55,,2000,2002,,,,,,,,,,,,,,,,,,,,,2,,
26,84,5 (2),1321,,2001,2002,,,,,,,,,,,,,,,,,,,,,2,,
26,84,5 (2),1322,,2001,2002,,,,,,,,,,,,,,,,,,,,,2,,
26,84,5 (2),1324,5,2001,,,,,,,,,,,,,,,,,,,,,,3,,
26,84,5 (2),1499,1,2001,2002,,,,,,,,,,,,,,,,,,,,,2,,
26,84,5 (2),1500,,2002,2002,,,,,,,,,,,,,,,,,,,,,1,,
26,84,5 (2),2500,,2002,2002,,,,,,,,,,,,,,,,,,,,,1,,
26,84,5 (2),2501,,2002,2002,,,,,,,,,,,,,,,,,,,,,1,,
23,87,8,14,,2002,2002,,,,,,,,,,,,,,,,,,,1,,,,
23,87,8,104,,2001,2002,,,,,,,,,,,,,,,,,,,2,,,,
23,87,8,1388,2,1980s,2002,,,,,,,,,,,,,,,,,,,3,,,,
23,87,8,1389,3,1980s,2002,,,,,,,,,,,,,,,,,,,3,,,,
27,90,,91,,2001,,,,,,,,,,,,,,,,,,,,,,,1,
27,91,,90,,2003,,,,,,,,,,,,,,,,,,,,,,,1,
15,92,5 (1),37,,1998,,,,,,,,,,,,,,,1,,,,,,,,,
15,92,5 (1),55,,1998,,,,,,,,,,,,,,,1,,,,,,,,,
15,93,5 (0),8,,1999,,,,,,,,,,,,,,,2,,,,,,,,,
15,93,5 (0),37,,1999,,,,,,,,,,,,,,,2,,,,,,,,,
15,93,5 (0),1346,,1999,2000,,,,,,,,,,,,,,2,,,,,,,,,
15,93,5 (0),1347,,1999,2000,,,,,,,,,,,,,,2,,,,,,,,,
28,98,5 (2),99,,2003,2003,,,,,,,,,,,,,,,,,,,,,,,1
28,98,5 (2),103,,2003,2003,,,,,,,,,,,,,,,,,,,,,,,1
28,98,5 (2),128,,2003,2003,,,,,,,,,,,,,,,,,,,,,,,1
28,98,5 (2),136,,2003,2003,,,,,,,,,,,,,,,,,,,,,,,1
28,98,5 (2),1375,,2003,2003,,,,,,,,,,,,,,,,,,,,,,,1
28,99,5 (2); 9,98,,2003,2003,,,,,,,,,,,,,,,,,,,,,,,1
28,99,5 (2); 9,101,,1994,,,,,,,,,,,,,,,,,,,,,,,,1
28,99,5 (2); 9,102,,1994,,,,,,,,,,,,,,,,,,,,,,,,1
28,99,5 (2); 9,103,,1994,,,,,,,,,,,,,,,,,,,,,,,,1
28,99,5 (2); 9,128,,1994,,,,,,,,,,,,,,,,,,,,,,,,1
28,99,5 (2); 9,130,,,2003,,,,,,,,,,,,,,,,,,,,,,,1
28,99,5 (2); 9,136,,,2003,,,,,,,,,,,,,,,,,,,,,,,1
28,99,5 (2); 9,1356,,,2003,,,,,,,,,,,,,,,,,,,,,,,1
28,99,5 (2); 9,1375,,,2003,,,,,,,,,,,,,,,,,,,,,,,1
28,100,2,101,,,2004,,,,,,,,,,,,,,,,,,,,,,,2
28,100,2,102,,,2004,,,,,,,,,,,,,,,,,,,,,,,1
28,101,2,99,,1992,2004,,,,,,,,,,,,,,,,,,,,,,,1
28,101,2,100,,,2004,,,,,,,,,,,,,,,,,,,,,,,2
28,101,2,102,,2001,2003,,,,,,,,,,,,,,,,,,,,,,,2
28,101,2,103,,1992,2004,,,,,,,,,,,,,,,,,,,,,,,1
28,101,8,1360,,2003,,,,,,,,,,,,,,,,,,,,,,,,2
28,101,8,1361,,2003,,,,,,,,,,,,,,,,,,,,,,,,2
28,101,8,1362,,2003,,,,,,,,,,,,,,,,,,,,,,,,2
28,101,8,1363,,2003,,,,,,,,,,,,,,,,,,,,,,,,2
28,101,8,1364,,2003,,,,,,,,,,,,,,,,,,,,,,,,2
28,101,8,1365,,2003,,,,,,,,,,,,,,,,,,,,,,,,2
28,101,8,1366,,2003,,,,,,,,,,,,,,,,,,,,,,,,2
28,101,8,1367,,2003,,,,,,,,,,,,,,,,,,,,,,,,2
28,101,8,1368,,2003,,,,,,,,,,,,,,,,,,,,,,,,2
28,101,8,1369,,2003,,,,,,,,,,,,,,,,,,,,,,,,2
28,102,5 (1); 8,99,,1992,,,,,,,,,,,,,,,,,,,,,,,,1
28,102,5 (1); 8,100,,1992,2003,,,,,,,,,,,,,,,,,,,,,,,1
28,102,5 (1); 8,101,,2001,2003,,,,,,,,,,,,,,,,,,,,,,,2
28,102,5 (1); 8,103,,1992,,,,,,,,,,,,,,,,,,,,,,,,2
28,102,5 (1); 8,129,,1992,,,,,,,,,,,,,,,,,,,,,,,,1
28,102,5 (1); 8,134,,1992,,,,,,,,,,,,,,,,,,,,,,,,1
28,102,5 (1); 8,135,,1992,,,,,,,,,,,,,,,,,,,,,,,,1
28,102,5 (1); 8,136,,2001,,,,,,,,,,,,,,,,,,,,,,,,2
28,102,5 (1); 8,1360,,2001,,,,,,,,,,,,,,,,,,,,,,,,2
28,102,5 (1); 8,1361,,2001,,,,,,,,,,,,,,,,,,,,,,,,2
28,102,5 (1); 8,1362,,2001,,,,,,,,,,,,,,,,,,,,,,,,2
28,102,5 (1); 8,1363,,2001,,,,,,,,,,,,,,,,,,,,,,,,2
28,102,5 (1); 8,1364,,2001,,,,,,,,,,,,,,,,,,,,,,,,2
28,102,5 (1); 8,1365,,2001,,,,,,,,,,,,,,,,,,,,,,,,2
28,102,5 (1); 8,1366,,2001,,,,,,,,,,,,,,,,,,,,,,,,2
28,102,5 (1); 8,1367,,2001,,,,,,,,,,,,,,,,,,,,,,,,2
28,102,5 (1); 8,1368,,2001,,,,,,,,,,,,,,,,,,,,,,,,2
28,102,5 (1); 8,1369,,2001,,,,,,,,,,,,,,,,,,,,,,,,2
28,102,5 (1); 8,1370,,1992,,,,,,,,,,,,,,,,,,,,,,,,1
28,102,5 (1); 8,1371,,1992,,,,,,,,,,,,,,,,,,,,,,,,1
28,102,5 (1); 8,1373,,1992,,,,,,,,,,,,,,,,,,,,,,,,1
28,102,5 (1); 8,1374,,1992,,,,,,,,,,,,,,,,,,,,,,,,1
28,103,5 (2),98,,2003,2003,,,,,,,,,,,,,,,,,,,,,,,1
28,103,5 (2),99,,,2003,,,,,,,,,,,,,,,,,,,,,,,1
28,103,5 (2),101,,,2003,,,,,,,,,,,,,,,,,,,,,,,1
28,103,5 (2),102,,,2003,,,,,,,,,,,,,,,,,,,,,,,2
28,103,5 (2),128,,1994,2003,,,,,,,,,,,,,,,,,,,,,,,1
28,103,5 (2),130,,,2003,,,,,,,,,,,,,,,,,,,,,,,1
28,103,5 (2),136,,,2003,,,,,,,,,,,,,,,,,,,,,,,1
28,103,5 (2),1356,,,2003,,,,,,,,,,,,,,,,,,,,,,,1
28,103,5 (2),1375,,,2003,,,,,,,,,,,,,,,,,,,,,,,1
23,104,5 (2),14,,1990-1999,2003,,,,,,,,,,,,,,,,,,,2,,,,
23,104,5 (2),87,,2001,2002,,,,,,,,,,,,,,,,,,,2,,,,
11,105,1,1,,1989,,,,,,,,,,,2,,,,,,,,,,,,,
11; 15,105,1; 5 (0),55,,1989,,,,,,,,,,,1,,,,1,,,,,,,,,
11,105,1,56,,1989,,,,,,,,,,,1,,,,,,,,,,,,,
15,105,5 (0),1,,1990-1994,,,,,,,,,,,,,,,2,,,,,,,,,
15,105,5 (0),106,4,1980s,2002,,,,,,,,,,,,,,3,,,,,,,,,
15,106,2,105,4,1980s,,,,,,,,,,,,,,,3,,,,,,,,,
15,120,13,55,,1989,2002,,,,,,,,,,,,,,1,,,,,,,,,
15,120,13,121,,1989,2002,,,,,,,,,,,,,,2,,,,,,,,,
15,121,4,55,,1989,,,,,,,,,,,,,,,1,,,,,,,,,
15,121,4,120,,1989,2002,,,,,,,,,,,,,,2,,,,,,,,,
28,128,6,98,,1990,2003,,,,,,,,,,,,,,,,,,,,,,,1
28,128,6,99,,1990,2003,,,,,,,,,,,,,,,,,,,,,,,1
28,128,6,103,,1990,,,,,,,,,,,,,,,,,,,,,,,,1
28,128,6,130,,1990,,,,,,,,,,,,,,,,,,,,,,,,1
28,128,6,136,,1990,,,,,,,,,,,,,,,,,,,,,,,,1
28,128,6,1356,,1990,,,,,,,,,,,,,,,,,,,,,,,,1
28,128,6,1375,,1990,,,,,,,,,,,,,,,,,,,,,,,,1
28,129,5 (2); 9,102,,2003,,,,,,,,,,,,,,,,,,,,,,,,1
28,129,5 (2); 9,1370,,2003,,,,,,,,,,,,,,,,,,,,,,,,2
28,130,5 (2),99,,,,,,,,,,,,,,,,,,,,,,,,,,1
28,130,5 (2),103,,,,,,,,,,,,,,,,,,,,,,,,,,1
28,130,5 (2),128,,,,,,,,,,,,,,,,,,,,,,,,,,1
28,130,5 (2),132,,,,,,,,,,,,,,,,,,,,,,,,,,1
28,130,5 (2),136,,,,,,,,,,,,,,,,,,,,,,,,,,1
28,130,5 (2),1356,,,,,,,,,,,,,,,,,,,,,,,,,,1
28,130,5 (2),1375,,,,,,,,,,,,,,,,,,,,,,,,,,1
28,132,,130,,,,,,,,,,,,,,,,,,,,,,,,,,1
28,134,2,102,,1992,,,,,,,,,,,,,,,,,,,,,,,,1
28,134,2,135,,,,,,,,,,,,,,,,,,,,,,,,,,3
28,135,2,102,,1992,,,,,,,,,,,,,,,,,,,,,,,,1
28,135,2,134,,,,,,,,,,,,,,,,,,,,,,,,,,3
28,136,5 (2),98,,2001,,,,,,,,,,,,,,,,,,,,,,,,1
28,136,5 (2),102,,2001,,,,,,,,,,,,,,,,,,,,,,,,2
28,136,5 (2),99,,2001,,,,,,,,,,,,,,,,,,,,,,,,1
28,136,5 (2),103,,2001,,,,,,,,,,,,,,,,,,,,,,,,1
28,136,5 (2),128,,2001,,,,,,,,,,,,,,,,,,,,,,,,1
28,136,5 (2),130,,2001,,,,,,,,,,,,,,,,,,,,,,,,1
28,136,5 (2),1356,,2001,,,,,,,,,,,,,,,,,,,,,,,,1
28,136,5 (2),1375,,2001,,,,,,,,,,,,,,,,,,,,,,,,1
3,203,,204,,1992,,,1,,,,,,,,,,,,,,,,,,,,,
3,203,,205,,1992,,,1,,,,,,,,,,,,,,,,,,,,,
3,204,,203,,1989,,,1,,,,,,,,,,,,,,,,,,,,,
3,204,,205,,1989,,,2,,,,,,,,,,,,,,,,,,,,,
3,204,,207,,1989,,,1,,,,,,,,,,,,,,,,,,,,,
3,204,,211,,1992,,,1,,,,,,,,,,,,,,,,,,,,,
3,204,,212,,1993,,,1,,,,,,,,,,,,,,,,,,,,,
3,204,,213,,1992,,,1,,,,,,,,,,,,,,,,,,,,,
3,204,,214,,1989,,,1,,,,,,,,,,,,,,,,,,,,,
3,204,,215,,1989,,,1,,,,,,,,,,,,,,,,,,,,,
3,204,,216,,1989,,,1,,,,,,,,,,,,,,,,,,,,,
3,204,,217,,1989,,,1,,,,,,,,,,,,,,,,,,,,,
3,204,,218,,1989,,,1,,,,,,,,,,,,,,,,,,,,,
3,204,,219,,1989,,,1,,,,,,,,,,,,,,,,,,,,,
3,205,,203,,1989,,,1,,,,,,,,,,,,,,,,,,,,,
3,205,,204,,1989,,,2,,,,,,,,,,,,,,,,,,,,,
3,205,,206,,1989,,,1,,,,,,,,,,,,,,,,,,,,,
3,205,,207,,1989,,,1,,,,,,,,,,,,,,,,,,,,,
3,205,,208,,1989,,,1,,,,,,,,,,,,,,,,,,,,,
3,205,,209,,1989,,,1,,,,,,,,,,,,,,,,,,,,,
3,205,,210,,1989,,,1,,,,,,,,,,,,,,,,,,,,,
3,205,,211,,1989,,,1,,,,,,,,,,,,,,,,,,,,,
3,205,,212,,1989,,,1,,,,,,,,,,,,,,,,,,,,,
3,205,,213,,1989,,,1,,,,,,,,,,,,,,,,,,,,,
3,205,,214,,1989,,,1,,,,,,,,,,,,,,,,,,,,,
3,205,,215,,1989,,,1,,,,,,,,,,,,,,,,,,,,,
3,205,,216,,1989,,,1,,,,,,,,,,,,,,,,,,,,,
3,205,,217,,1989,,,1,,,,,,,,,,,,,,,,,,,,,
3,205,,218,,1989,,,1,,,,,,,,,,,,,,,,,,,,,
3,205,,219,,1989,,,1,,,,,,,,,,,,,,,,,,,,,
3,205,,220,,1989,,,1,,,,,,,,,,,,,,,,,,,,,
3,205,,221,,1989,,,1,,,,,,,,,,,,,,,,,,,,,
3,206,,205,,1991,,,1,,,,,,,,,,,,,,,,,,,,,
3,206,,207,,1991,,,2,,,,,,,,,,,,,,,,,,,,,
3,206,,208,,1991,,,2,,,,,,,,,,,,,,,,,,,,,
3,206,,209,,1991,,,1,,,,,,,,,,,,,,,,,,,,,
3,206,,211,,1991,,,1,,,,,,,,,,,,,,,,,,,,,
3,206,,213,,1991,,,1,,,,,,,,,,,,,,,,,,,,,
3,206,,216,,1991,,,1,,,,,,,,,,,,,,,,,,,,,
3,206,,218,,1991,,,1,,,,,,,,,,,,,,,,,,,,,
3,207,,204,,1989,,,1,,,,,,,,,,,,,,,,,,,,,
3,207,,205,,1989,,,1,,,,,,,,,,,,,,,,,,,,,
3,207,,206,,1991,,,2,,,,,,,,,,,,,,,,,,,,,
3,207,,208,,1991,,,2,,,,,,,,,,,,,,,,,,,,,
3,207,,209,,1991,,,1,,,,,,,,,,,,,,,,,,,,,
3,207,8,211,,1991,,,2,,,,,,,,,,,,,,,,,,,,,
3,207,,213,,1991,,,1,,,,,,,,,,,,,,,,,,,,,
3,207,,218,,1991,,,1,,,,,,,,,,,,,,,,,,,,,
3,207,,219,,1991,,,2,,,,,,,,,,,,,,,,,,,,,
3,207,,220,,1991,,,1,,,,,,,,,,,,,,,,,,,,,
3,207,,221,,1991,,,1,,,,,,,,,,,,,,,,,,,,,
3,208,,205,,1991,,,1,,,,,,,,,,,,,,,,,,,,,
3,208,,206,,1991,,,2,,,,,,,,,,,,,,,,,,,,,
3,208,,207,,1991,,,2,,,,,,,,,,,,,,,,,,,,,
3,208,,213,,1991,,,2,,,,,,,,,,,,,,,,,,,,,
3,208,,214,,1991,,,2,,,,,,,,,,,,,,,,,,,,,
3,209,,205,,1992,,,1,,,,,,,,,,,,,,,,,,,,,
3,209,,206,,1992,,,1,,,,,,,,,,,,,,,,,,,,,
3,209,,207,,1992,,,1,,,,,,,,,,,,,,,,,,,,,
3,209,,210,,1992,,,2,,,,,,,,,,,,,,,,,,,,,
3,209,,211,,1992,,,1,,,,,,,,,,,,,,,,,,,,,
3,209,,213,,1992,,,1,,,,,,,,,,,,,,,,,,,,,
3,209,,216,,1992,,,2,,,,,,,,,,,,,,,,,,,,,
3,209,,218,,1992,,,1,,,,,,,,,,,,,,,,,,,,,
3,210,,205,,1992,,,1,,,,,,,,,,,,,,,,,,,,,
3,210,,209,,1992,,,2,,,,,,,,,,,,,,,,,,,,,
3,210,,216,,1992,,,2,,,,,,,,,,,,,,,,,,,,,
3,211,,204,,1992,,,1,,,,,,,,,,,,,,,,,,,,,
3,211,,205,,1992,,,1,,,,,,,,,,,,,,,,,,,,,
3,211,,206,,1992,,,1,,,,,,,,,,,,,,,,,,,,,
3,211,,207,,1992,,,2,,,,,,,,,,,,,,,,,,,,,
3,211,,209,,1992,,,1,,,,,,,,,,,,,,,,,,,,,
3,211,,212,,1992,,,2,,,,,,,,,,,,,,,,,,,,,
3,211,,213,,1992,,,2,,,,,,,,,,,,,,,,,,,,,
3,211,,218,,1992,,,1,,,,,,,,,,,,,,,,,,,,,
3,211,,219,,1992,,,2,,,,,,,,,,,,,,,,,,,,,
3,212,,204,,1993,,,1,,,,,,,,,,,,,,,,,,,,,
3,212,,205,,1993,,,1,,,,,,,,,,,,,,,,,,,,,
3,212,,211,,1993,,,2,,,,,,,,,,,,,,,,,,,,,
3,212,,213,,1993,,,2,,,,,,,,,,,,,,,,,,,,,
3,212,,217,,1993,,,2,,,,,,,,,,,,,,,,,,,,,
3,212,,218,,1993,,,2,,,,,,,,,,,,,,,,,,,,,
3,213,,204,,1992,,,1,,,,,,,,,,,,,,,,,,,,,
3,213,,205,,1992,,,1,,,,,,,,,,,,,,,,,,,,,
3,213,,206,,1992,,,1,,,,,,,,,,,,,,,,,,,,,
3,213,,207,,1992,,,1,,,,,,,,,,,,,,,,,,,,,
3,213,,208,,1992,,,2,,,,,,,,,,,,,,,,,,,,,
3,213,,209,,1992,,,1,,,,,,,,,,,,,,,,,,,,,
3,213,,211,,1992,,,2,,,,,,,,,,,,,,,,,,,,,
3,213,,212,,1992,,,2,,,,,,,,,,,,,,,,,,,,,
3,213,,214,,1992,,,2,,,,,,,,,,,,,,,,,,,,,
3,213,,218,,1992,,,1,,,,,,,,,,,,,,,,,,,,,
3,214,,204,,1992,,,1,,,,,,,,,,,,,,,,,,,,,
3,214,,205,,1992,,,1,,,,,,,,,,,,,,,,,,,,,
3,214,,208,,1992,,,2,,,,,,,,,,,,,,,,,,,,,
3,214,,213,,1992,,,2,,,,,,,,,,,,,,,,,,,,,
3,214,,215,,1992,,,2,,,,,,,,,,,,,,,,,,,,,
3,214,,216,,1992,,,2,,,,,,,,,,,,,,,,,,,,,
3,214,,217,,1992,,,1,,,,,,,,,,,,,,,,,,,,,
3,214,,218,,1992,,,1,,,,,,,,,,,,,,,,,,,,,
3,214,,219,,1992,,,1,,,,,,,,,,,,,,,,,,,,,
3,215,,204,,1993,,,1,,,,,,,,,,,,,,,,,,,,,
3,215,,205,,1993,,,1,,,,,,,,,,,,,,,,,,,,,
3,215,,214,,1993,,,2,,,,,,,,,,,,,,,,,,,,,
3,215,,216,,1993,,,3,,,,,,,,,,,,,,,,,,,,,
3,215,,217,,1993,,,1,,,,,,,,,,,,,,,,,,,,,
3,215,,218,,1993,,,1,,,,,,,,,,,,,,,,,,,,,
3,215,,219,,1993,,,1,,,,,,,,,,,,,,,,,,,,,
3,216,,204,,1994,,,1,,,,,,,,,,,,,,,,,,,,,
3,216,,205,,1994,,,1,,,,,,,,,,,,,,,,,,,,,
3,216,,206,,1994,,,1,,,,,,,,,,,,,,,,,,,,,
3,216,,209,,1994,,,2,,,,,,,,,,,,,,,,,,,,,
3,216,,210,,1994,,,2,,,,,,,,,,,,,,,,,,,,,
3,216,,214,,1994,,,2,,,,,,,,,,,,,,,,,,,,,
3,216,,215,,1994,,,3,,,,,,,,,,,,,,,,,,,,,
3,216,,217,,1994,,,1,,,,,,,,,,,,,,,,,,,,,
3,216,,218,,1994,,,1,,,,,,,,,,,,,,,,,,,,,
3,216,,219,,1994,,,1,,,,,,,,,,,,,,,,,,,,,
3,217,,204,,1993,,,1,,,,,,,,,,,,,,,,,,,,,
3,217,,205,,1993,,,1,,,,,,,,,,,,,,,,,,,,,
3,217,,212,,1993,,,2,,,,,,,,,,,,,,,,,,,,,
3,217,,214,,1993,,,1,,,,,,,,,,,,,,,,,,,,,
3,217,,215,,1993,,,1,,,,,,,,,,,,,,,,,,,,,
3,217,,216,,1993,,,1,,,,,,,,,,,,,,,,,,,,,
3,217,,218,,1993,,,2,,,,,,,,,,,,,,,,,,,,,
3,217,,219,,1993,,,2,,,,,,,,,,,,,,,,,,,,,
3,218,,204,,1992,,,1,,,,,,,,,,,,,,,,,,,,,
3,218,,205,,1992,,,1,,,,,,,,,,,,,,,,,,,,,
3,218,,206,,1992,,,1,,,,,,,,,,,,,,,,,,,,,
3,218,,207,,1992,,,1,,,,,,,,,,,,,,,,,,,,,
3,218,,209,,1992,,,1,,,,,,,,,,,,,,,,,,,,,
3,218,,211,,1992,,,1,,,,,,,,,,,,,,,,,,,,,
3,218,,212,,1992,,,2,,,,,,,,,,,,,,,,,,,,,
3,218,,213,,1992,,,1,,,,,,,,,,,,,,,,,,,,,
3,218,,214,,1992,,,1,,,,,,,,,,,,,,,,,,,,,
3,218,,215,,1992,,,1,,,,,,,,,,,,,,,,,,,,,
3,218,,216,,1992,,,1,,,,,,,,,,,,,,,,,,,,,
3,218,,217,,1992,,,2,,,,,,,,,,,,,,,,,,,,,
3,218,,219,,1992,,,1,,,,,,,,,,,,,,,,,,,,,
3,219,,204,,1992,,,1,,,,,,,,,,,,,,,,,,,,,
3,219,,205,,1992,,,1,,,,,,,,,,,,,,,,,,,,,
3,219,,207,,1992,,,2,,,,,,,,,,,,,,,,,,,,,
3,219,,211,,1992,,,2,,,,,,,,,,,,,,,,,,,,,
3,219,,214,,1992,,,1,,,,,,,,,,,,,,,,,,,,,
3,219,,215,,1992,,,1,,,,,,,,,,,,,,,,,,,,,
3,219,,216,,1992,,,1,,,,,,,,,,,,,,,,,,,,,
3,219,,217,,1992,,,2,,,,,,,,,,,,,,,,,,,,,
3,219,,218,,1992,,,1,,,,,,,,,,,,,,,,,,,,,
3,220,,205,,1993,,,1,,,,,,,,,,,,,,,,,,,,,
3,220,,207,,1993,,,1,,,,,,,,,,,,,,,,,,,,,
3,220,,221,,1993,,,2,,,,,,,,,,,,,,,,,,,,,
3,221,,205,,1993,,,1,,,,,,,,,,,,,,,,,,,,,
3,221,,207,,1993,,,1,,,,,,,,,,,,,,,,,,,,,
3,221,,220,,1993,,,2,,,,,,,,,,,,,,,,,,,,,
4,222,4,223,,1992,1995,,,1,,,,,,,,,,,,,,,,,,,,
4,222,4,224,,1992,1995,,,1,,,,,,,,,,,,,,,,,,,,
4,222,4,225,,1992,1995,,,1,,,,,,,,,,,,,,,,,,,,
4,222,4,226,,1995,1995,,,1,,,,,,,,,,,,,,,,,,,,
4,223,5 (3),222,,1992,1997,,,1,,,,,,,,,,,,,,,,,,,,
4,223,5 (3),224,,1992,1997,,,1,,,,,,,,,,,,,,,,,,,,
4,223,5 (3); 3; 4,225,,1994,1997,,,1,,,,,,,,,,,,,,,,,,,,
4,223,5 (3),226,,1992,1997,,,2,,,,,,,,,,,,,,,,,,,,
4,223,5 (3),227,,1992,1997,,,1,,,,,,,,,,,,,,,,,,,,
4,223,5 (3),228,,1992,1997,,,1,,,,,,,,,,,,,,,,,,,,
4,223,5 (3),230,,1994,,,,1,,,,,,,,,,,,,,,,,,,,
4,223,5 (3),231,,1994,,,,1,,,,,,,,,,,,,,,,,,,,
4,223,5 (3),232,,1993,1995,,,1,,,,,,,,,,,,,,,,,,,,
4,223,5 (3),233,,1994,,,,1,,,,,,,,,,,,,,,,,,,,
4,223,5 (3),234,,1994,,,,1,,,,,,,,,,,,,,,,,,,,
4,223,5 (3),235,,1994,,,,1,,,,,,,,,,,,,,,,,,,,
4,223,5 (3),237,,1994,1997,,,1,,,,,,,,,,,,,,,,,,,,
4,223,5 (3),239,,1992,1997,,,1,,,,,,,,,,,,,,,,,,,,
4,224,6; 9,222,,1992,1999,,,1,,,,,,,,,,,,,,,,,,,,
4,224,6; 9,223,,1992,1999,,,1,,,,,,,,,,,,,,,,,,,,
4,224,6; 9,226,,1992,1999,,,1,,,,,,,,,,,,,,,,,,,,
4,224,6; 9,227,,1992,1999,,,1,,,,,,,,,,,,,,,,,,,,
4,224,6; 9,228,,1992,1999,,,1,,,,,,,,,,,,,,,,,,,,
4,224,6; 9,230,,1994,,,,1,,,,,,,,,,,,,,,,,,,,
4,224,6; 9,235,,1994,,,,1,,,,,,,,,,,,,,,,,,,,
4,225,5 (3); 3; 4,222,,1992,1995,,,1,,,,,,,,,,,,,,,,,,,,
4,225,5 (3); 3; 4,223,,1994,1997,,,1,,,,,,,,,,,,,,,,,,,,
4,225,5 (3); 3; 4,226,,1995,,,,2,,,,,,,,,,,,,,,,,,,,
4,225,5 (3); 3; 4,229,,1995,1998,,,2,,,,,,,,,,,,,,,,,,,,
4,225,5 (3); 3; 4,230,,1994,1998,,,2,,,,,,,,,,,,,,,,,,,,
4,225,5 (3); 3; 4,231,,1994,1998,,,2,,,,,,,,,,,,,,,,,,,,
4,225,5 (3); 3; 4,232,,1993,1995,,,1,,,,,,,,,,,,,,,,,,,,
4,225,5 (3); 3; 4,233,,1994,,,,1,,,,,,,,,,,,,,,,,,,,
4,225,5 (3); 3; 4,234,,1994,,,,1,,,,,,,,,,,,,,,,,,,,
4,225,5 (3); 3; 4,236,,1994,,,,1,,,,,,,,,,,,,,,,,,,,
4,225,5 (3); 3; 4,239,,1992,,,,1,,,,,,,,,,,,,,,,,,,,
4,225,5 (3); 3; 4,1440,,1995,,,,2,,,,,,,,,,,,,,,,,,,,
4,225,5 (3); 3; 4,1441,,1995,,,,2,,,,,,,,,,,,,,,,,,,,
4,225,5 (3); 3; 4,1450,,1995,,,,2,,,,,,,,,,,,,,,,,,,,
4,226,5 (3); 8,222,,1995,1995,,,1,,,,,,,,,,,,,,,,,,,,
4,226,5 (3); 8,223,,1992,1997,,,2,,,,,,,,,,,,,,,,,,,,
4,226,5 (3); 8,224,,1992,1999,,,1,,,,,,,,,,,,,,,,,,,,
4,226,5 (3); 8,225,,1995,1998,,,2,,,,,,,,,,,,,,,,,,,,
4,226,5 (3); 8,227,,1995,,,,1,,,,,,,,,,,,,,,,,,,,
4,226,5 (3); 8,228,,1995,,,,1,,,,,,,,,,,,,,,,,,,,
4,226,5 (3); 8,232,,1993,,,,1,,,,,,,,,,,,,,,,,,,,
4,226,5 (3); 8,233,,1994,,,,1,,,,,,,,,,,,,,,,,,,,
4,226,5 (3); 8,234,,1994,,,,1,,,,,,,,,,,,,,,,,,,,
4,226,5 (3); 8,235,,1994,,,,1,,,,,,,,,,,,,,,,,,,,
4,226,5 (3); 8,1443,,1995,,,,1,,,,,,,,,,,,,,,,,,,,
4,227,,223,,1994,,,,1,,,,,,,,,,,,,,,,,,,,
4,227,,224,,1994,,,,1,,,,,,,,,,,,,,,,,,,,
4,227,,226,,1995,,,,2,,,,,,,,,,,,,,,,,,,,
4,227,,228,,1994,,,,2,,,,,,,,,,,,,,,,,,,,
4,227,,1443,,1995,,,,1,,,,,,,,,,,,,,,,,,,,
4,227,,239,,1994,,,,1,,,,,,,,,,,,,,,,,,,,
4,228,,223,,1994,,,,1,,,,,,,,,,,,,,,,,,,,
4,228,,224,,1994,,,,1,,,,,,,,,,,,,,,,,,,,
4,228,,226,,1995,,,,1,,,,,,,,,,,,,,,,,,,,
4,228,,227,,1994,,,,2,,,,,,,,,,,,,,,,,,,,
4,228,,239,,1994,,,,1,,,,,,,,,,,,,,,,,,,,
4,228,,1443,,1995,,,,1,,,,,,,,,,,,,,,,,,,,
4,229,,225,,1995,,,,2,,,,,,,,,,,,,,,,,,,,
4,229,,230,,1993,,,,2,,,,,,,,,,,,,,,,,,,,
4,229,,231,,1993,,,,2,,,,,,,,,,,,,,,,,,,,
4,229,,1440,,1995,,,,2,,,,,,,,,,,,,,,,,,,,
4,229,,1441,,1993,,,,2,,,,,,,,,,,,,,,,,,,,
4,229,,1450,,1995,,,,2,,,,,,,,,,,,,,,,,,,,
4,230,,223,,1994,,,,1,,,,,,,,,,,,,,,,,,,,
4,230,,224,,1994,,,,1,,,,,,,,,,,,,,,,,,,,
4,230,,225,,1994,,,,2,,,,,,,,,,,,,,,,,,,,
4,230,,229,,1993,,,,2,,,,,,,,,,,,,,,,,,,,
4,230,,231,,1993,,,,2,,,,,,,,,,,,,,,,,,,,
4,230,,1440,,1995,,,,2,,,,,,,,,,,,,,,,,,,,
4,230,,1441,,1993,,,,2,,,,,,,,,,,,,,,,,,,,
4,230,,1450,,1995,,,,2,,,,,,,,,,,,,,,,,,,,
4,231,,223,,1994,,,,1,,,,,,,,,,,,,,,,,,,,
4,231,,225,,1994,,,,2,,,,,,,,,,,,,,,,,,,,
4,231,,229,,1993,,,,2,,,,,,,,,,,,,,,,,,,,
4,231,,230,,1993,,,,2,,,,,,,,,,,,,,,,,,,,
4,231,,232,,1994,1995,,,1,,,,,,,,,,,,,,,,,,,,
4,231,,1440,,1995,,,,2,,,,,,,,,,,,,,,,,,,,
4,231,,1441,,1995,,,,2,,,,,,,,,,,,,,,,,,,,
4,231,,1450,,1995,,,,2,,,,,,,,,,,,,,,,,,,,
4,232,5 (3),223,,1993,1995,,,1,,,,,,,,,,,,,,,,,,,,
4,232,5 (3),225,,1993,1995,,,1,,,,,,,,,,,,,,,,,,,,
4,232,5 (3),226,,1993,1995,,,1,,,,,,,,,,,,,,,,,,,,
4,232,5 (3),231,,1993,1995,,,1,,,,,,,,,,,,,,,,,,,,
4,232,5 (3),233,,1993,1995,,,2,,,,,,,,,,,,,,,,,,,,
4,232,5 (3),234,,1993,1995,,,2,,,,,,,,,,,,,,,,,,,,
4,232,5 (3),235,,1993,1995,,,2,,,,,,,,,,,,,,,,,,,,
4,232,5 (3),236,,1993,1995,,,2,,,,,,,,,,,,,,,,,,,,
4,232,5 (3),237,,1995,,,,2,,,,,,,,,,,,,,,,,,,,
4,233,,223,,1994,,,,1,,,,,,,,,,,,,,,,,,,,
4,233,,225,,1994,,,,1,,,,,,,,,,,,,,,,,,,,
4,233,,226,,1994,,,,1,,,,,,,,,,,,,,,,,,,,
4,233,,232,,1994,1995,,,2,,,,,,,,,,,,,,,,,,,,
4,233,,234,,1994,,,,2,,,,,,,,,,,,,,,,,,,,
4,233,,235,,1994,,,,2,,,,,,,,,,,,,,,,,,,,
4,233,,236,,1994,,,,2,,,,,,,,,,,,,,,,,,,,
4,233,,237,,1995,,,,2,,,,,,,,,,,,,,,,,,,,
4,234,,223,,1994,,,,1,,,,,,,,,,,,,,,,,,,,
4,234,,225,,1994,,,,1,,,,,,,,,,,,,,,,,,,,
4,234,,226,,1994,,,,1,,,,,,,,,,,,,,,,,,,,
4,234,,232,,1994,1995,,,2,,,,,,,,,,,,,,,,,,,,
4,234,,233,,1994,,,,2,,,,,,,,,,,,,,,,,,,,
4,234,,235,,1994,,,,2,,,,,,,,,,,,,,,,,,,,
4,234,,236,,1994,,,,2,,,,,,,,,,,,,,,,,,,,
4,234,,237,,1995,,,,2,,,,,,,,,,,,,,,,,,,,
4,235,,223,,1994,,,,1,,,,,,,,,,,,,,,,,,,,
4,235,,224,,1994,,,,1,,,,,,,,,,,,,,,,,,,,
4,235,,226,,1994,,,,1,,,,,,,,,,,,,,,,,,,,
4,235,,232,,1994,1995,,,2,,,,,,,,,,,,,,,,,,,,
4,235,,233,,1994,,,,2,,,,,,,,,,,,,,,,,,,,
4,235,,234,,1994,,,,2,,,,,,,,,,,,,,,,,,,,
4,235,,236,,1994,,,,2,,,,,,,,,,,,,,,,,,,,
4,235,,237,,1995,,,,2,,,,,,,,,,,,,,,,,,,,
4,236,,225,,1994,,,,1,,,,,,,,,,,,,,,,,,,,
4,236,,232,,1994,1995,,,2,,,,,,,,,,,,,,,,,,,,
4,236,,233,,1994,,,,2,,,,,,,,,,,,,,,,,,,,
4,236,,234,,1994,,,,2,,,,,,,,,,,,,,,,,,,,
4,236,,235,,1994,,,,2,,,,,,,,,,,,,,,,,,,,
4,236,,237,,1995,,,,2,,,,,,,,,,,,,,,,,,,,
4,237,,223,,1994,1997,,,1,,,,,,,,,,,,,,,,,,,,
4,237,,232,,1995,1995,,,2,,,,,,,,,,,,,,,,,,,,
4,237,,233,,1995,1997,,,2,,,,,,,,,,,,,,,,,,,,
4,237,,234,,1995,1997,,,2,,,,,,,,,,,,,,,,,,,,
4,237,,235,,1995,1997,,,2,,,,,,,,,,,,,,,,,,,,
4,237,,236,,1995,1997,,,2,,,,,,,,,,,,,,,,,,,,
4,237,,239,,1994,,,,1,,,,,,,,,,,,,,,,,,,,
14,238,5 (1); 8,18,,1994,,,,,,,,,,,,,,1,,,,,,,,,,
14,238,5 (1); 8,264,,1994,,,,,,,,,,,,,,1,,,,,,,,,,
14,238,5 (1); 8,265,,1999,,,,,,,,,,,,,,2,,,,,,,,,,
14,238,5 (1); 8,266,,1994,,,,,,,,,,,,,,2,,,,,,,,,,
14,238,5 (1); 8,267,,1999,,,,,,,,,,,,,,2,,,,,,,,,,
14,238,5 (1); 8,268,,1994,,,,,,,,,,,,,,1,,,,,,,,,,
4,239,,223,,1992,,,,1,,,,,,,,,,,,,,,,,,,,
4,239,,225,,1992,,,,1,,,,,,,,,,,,,,,,,,,,
4,239,,227,,1994,,,,1,,,,,,,,,,,,,,,,,,,,
4,239,,228,,1994,,,,1,,,,,,,,,,,,,,,,,,,,
4,239,,237,,1992,,,,1,,,,,,,,,,,,,,,,,,,,
8,240,5 (3),241,,1994,1996,,,,,,,2,,,,,,,,,,,,,,,,
8,240,5 (3),242,,1994,1996,,,,,,,2,,,,,,,,,,,,,,,,
8,240,5 (3),243,,1994,1996,,,,,,,1,,,,,,,,,,,,,,,,
8,240,5 (3),244,,1994,1996,,,,,,,1,,,,,,,,,,,,,,,,
8,240,5 (3),245,,1994,1996,,,,,,,2,,,,,,,,,,,,,,,,
8,240,5 (3),246,,1994,1996,,,,,,,1,,,,,,,,,,,,,,,,
8,240,5 (3),247,,1994,1996,,,,,,,1,,,,,,,,,,,,,,,,
8,240,5 (3),248,,1994,1996,,,,,,,1,,,,,,,,,,,,,,,,
8,240,5 (3),250,,1994,1996,,,,,,,1,,,,,,,,,,,,,,,,
8,241,5 (2); 3,240,,1994,1996,,,,,,,2,,,,,,,,,,,,,,,,
8,241,5 (2); 3,242,,1994,1996,,,,,,,1,,,,,,,,,,,,,,,,
8,241,5 (2); 3,243,,1994,1996,,,,,,,1,,,,,,,,,,,,,,,,
8,241,5 (2); 3,244,,1994,1996,,,,,,,1,,,,,,,,,,,,,,,,
8,241,5 (2); 3,245,,1994,,,,,,,,2,,,,,,,,,,,,,,,,
8,241,5 (2); 3,246,,1994,,,,,,,,1,,,,,,,,,,,,,,,,
8,241,5 (2); 3,247,,1994,,,,,,,,2,,,,,,,,,,,,,,,,
8,241,5 (2); 3,248,,1994,,,,,,,,1,,,,,,,,,,,,,,,,
8,241,5 (2); 3,250,,1991,,,,,,,,1,,,,,,,,,,,,,,,,
8,242,2,240,,1994,1996,,,,,,,2,,,,,,,,,,,,,,,,
8,242,2,241,,1994,1996,,,,,,,1,,,,,,,,,,,,,,,,
8,242,2,243,,1994,1996,,,,,,,1,,,,,,,,,,,,,,,,
8,242,2,244,,1994,1996,,,,,,,1,,,,,,,,,,,,,,,,
8,242,2,245,,1994,1996,,,,,,,1,,,,,,,,,,,,,,,,
8,242,2,246,,1994,1996,,,,,,,1,,,,,,,,,,,,,,,,
8,242,2,247,,1994,1996,,,,,,,1,,,,,,,,,,,,,,,,
8,242,2,248,,1994,1996,,,,,,,1,,,,,,,,,,,,,,,,
8,242,2,1451,,1996,1996,,,,,,,2,,,,,,,,,,,,,,,,
8,243,2,240,,1995,1996,,,,,,,1,,,,,,,,,,,,,,,,
8,243,2,241,,1995,1996,,,,,,,1,,,,,,,,,,,,,,,,
8,243,2,242,,1995,1996,,,,,,,1,,,,,,,,,,,,,,,,
8,243,2,244,,1995,1996,,,,,,,1,,,,,,,,,,,,,,,,
8,243,2,245,,1995,1996,,,,,,,1,,,,,,,,,,,,,,,,
8,243,2,246,,1995,1996,,,,,,,1,,,,,,,,,,,,,,,,
8,243,2,247,,1995,1996,,,,,,,1,,,,,,,,,,,,,,,,
8,243,2,248,,1995,1996,,,,,,,1,,,,,,,,,,,,,,,,
8,243,2,249,,1995,1996,,,,,,,1,,,,,,,,,,,,,,,,
8,243,2,1451,,1996,1996,,,,,,,2,,,,,,,,,,,,,,,,
8,244,2,240,,1995,1996,,,,,,,1,,,,,,,,,,,,,,,,
8,244,2,241,,1995,1996,,,,,,,1,,,,,,,,,,,,,,,,
8,244,2,242,,1995,1996,,,,,,,1,,,,,,,,,,,,,,,,
8,244,2,243,,1995,1996,,,,,,,1,,,,,,,,,,,,,,,,
8,244,2,245,,1995,1996,,,,,,,1,,,,,,,,,,,,,,,,
8,244,2,246,,1995,1996,,,,,,,1,,,,,,,,,,,,,,,,
8,244,2,247,,1995,1996,,,,,,,1,,,,,,,,,,,,,,,,
8,244,2,248,,1995,1996,,,,,,,1,,,,,,,,,,,,,,,,
8,244,2,1451,,1996,1996,,,,,,,2,,,,,,,,,,,,,,,,
8,245,2,240,,1994,1996,,,,,,,2,,,,,,,,,,,,,,,,
8,245,2,241,,1994,,,,,,,,2,,,,,,,,,,,,,,,,
8,245,2,242,,1994,1996,,,,,,,1,,,,,,,,,,,,,,,,
8,245,2,243,,1994,1996,,,,,,,1,,,,,,,,,,,,,,,,
8,245,2,244,,1994,1996,,,,,,,1,,,,,,,,,,,,,,,,
8,245,2,246,,1994,,,,,,,,1,,,,,,,,,,,,,,,,
8,245,2,247,,1994,,,,,,,,1,,,,,,,,,,,,,,,,
8,245,2,248,,1994,,,,,,,,1,,,,,,,,,,,,,,,,
8,246,2,240,,1995,1996,,,,,,,1,,,,,,,,,,,,,,,,
8,246,2,241,,1995,,,,,,,,1,,,,,,,,,,,,,,,,
8,246,2,242,,1995,1996,,,,,,,1,,,,,,,,,,,,,,,,
8,246,2,243,,1995,1996,,,,,,,1,,,,,,,,,,,,,,,,
8,246,2,244,,1995,1996,,,,,,,1,,,,,,,,,,,,,,,,
8,246,2,245,,1995,,,,,,,,1,,,,,,,,,,,,,,,,
8,246,2,247,,1995,,,,,,,,1,,,,,,,,,,,,,,,,
8,246,2,248,,1995,,,,,,,,1,,,,,,,,,,,,,,,,
8,246,2,249,,1995,,,,,,,,1,,,,,,,,,,,,,,,,
8,247,2,240,,1995,1996,,,,,,,1,,,,,,,,,,,,,,,,
8,247,2,241,,1995,,,,,,,,2,,,,,,,,,,,,,,,,
8,247,2,242,,1995,1996,,,,,,,1,,,,,,,,,,,,,,,,
8,247,2,243,,1995,1996,,,,,,,1,,,,,,,,,,,,,,,,
8,247,2,244,,1995,1996,,,,,,,1,,,,,,,,,,,,,,,,
8,247,2,245,,1995,,,,,,,,1,,,,,,,,,,,,,,,,
8,247,2,246,,1995,,,,,,,,1,,,,,,,,,,,,,,,,
8,247,2,248,,1995,,,,,,,,2,,,,,,,,,,,,,,,,
8,247,2,249,,1995,,,,,,,,1,,,,,,,,,,,,,,,,
8,248,5 (0),240,,1995,1996,,,,,,,1,,,,,,,,,,,,,,,,
8,248,5 (0),241,,1995,,,,,,,,1,,,,,,,,,,,,,,,,
8,248,5 (0),242,,1995,1996,,,,,,,1,,,,,,,,,,,,,,,,
8,248,5 (0),243,,1995,1996,,,,,,,1,,,,,,,,,,,,,,,,
8,248,5 (0),244,,1995,1996,,,,,,,1,,,,,,,,,,,,,,,,
8,248,5 (0),245,,1995,,,,,,,,1,,,,,,,,,,,,,,,,
8,248,5 (0),246,,1995,,,,,,,,1,,,,,,,,,,,,,,,,
8,248,5 (0),247,,1995,,,,,,,,2,,,,,,,,,,,,,,,,
8,249,5 (0),243,,1995,1996,,,,,,,1,,,,,,,,,,,,,,,,
8,249,5 (0),246,,1995,,,,,,,,1,,,,,,,,,,,,,,,,
8,249,5 (0),247,,1995,,,,,,,,1,,,,,,,,,,,,,,,,
8; 13,249,5 (0),250,,1995,,,,,,,,1,,,,,1,,,,,,,,,,,
13,249,5 (0),254,,1995,,,,,,,,,,,,,1,,,,,,,,,,,
13,249,5 (0),256,,1995,,,,,,,,,,,,,1,,,,,,,,,,,
8,250,5 (0),240,,1991,1996,,,,,,,1,,,,,,,,,,,,,,,,
8,250,5 (0),241,,1991,,,,,,,,1,,,,,,,,,,,,,,,,
8; 13,250,5 (0),249,,1991,,,,,,,,1,,,,,1,,,,,,,,,,,
13,250,3,7,,1991,,,,,,,,,,,,,1,,,,,,,,,,,
13,250,3,252,,1994,,,,,,,,,,,,,2,,,,,,,,,,,
13,250,3,253,,1991,,,,,,,,,,,,,1,,,,,,,,,,,
13,250,3,254,,1992-1995,,,,,,,,,,,,,2,,,,,,,,,,,
13,250,3,255,,1991,,,,,,,,,,,,,1,,,,,,,,,,,
13,250,3,256,,1991,,,,,,,,,,,,,2,,,,,,,,,,,
13,250,3,257,,1992-1994,,,,,,,,,,,,,2,,,,,,,,,,,
13,250,3,258,,1991,2001,,,,,,,,,,,,2,,,,,,,,,,,
13,250,3,259,,1991,,,,,,,,,,,,,2,,,,,,,,,,,
13,250,3,262,,1991,,,,,,,,,,,,,1,,,,,,,,,,,
13,252,13,250,,1994,,,,,,,,,,,,,2,,,,,,,,,,,
13,252,13,256,,1992-1994,,,,,,,,,,,,,2,,,,,,,,,,,
13,252,13,257,,1992-1994,,,,,,,,,,,,,2,,,,,,,,,,,
13,252,13,259,,1992-1994,,,,,,,,,,,,,2,,,,,,,,,,,
13,253,5 (0),250,,1994,,,,,,,,,,,,,1,,,,,,,,,,,
13,253,5 (0),254,,1994,,,,,,,,,,,,,1,,,,,,,,,,,
13,254,5 (0),249,,1992,,,,,,,,,,,,,1,,,,,,,,,,,
13,254,5 (0),250,,1992-1995,,,,,,,,,,,,,2,,,,,,,,,,,
13,254,5 (0),253,,1992,,,,,,,,,,,,,1,,,,,,,,,,,
13,254,5 (0),256,,1994,,,,,,,,,,,,,2,,,,,,,,,,,
13,254,5 (0),257,,1992,,,,,,,,,,,,,1,,,,,,,,,,,
13,254,5 (0),258,,1992,,,,,,,,,,,,,2,,,,,,,,,,,
13,254,5 (0),259,,1994,,,,,,,,,,,,,2,,,,,,,,,,,
13,254,5 (0),303,,1992,,,,,,,,,,,,,1,,,,,,,,,,,
13,255,,7,,1997,,,,,,,,,,,,,1,,,,,,,,,,,
13,255,,250,,1997,,,,,,,,,,,,,1,,,,,,,,,,,
13,255,,256,,1997,,,,,,,,,,,,,1,,,,,,,,,,,
13,255,,257,,1997,,,,,,,,,,,,,1,,,,,,,,,,,
13,255,,262,,1997,,,,,,,,,,,,,1,,,,,,,,,,,
13,256,5 (1); 8; 9,7,,1998,,,,,,,,,,,,,1,,,,,,,,,,,
13,256,5 (1); 8; 9,249,,1995,,,,,,,,,,,,,1,,,,,,,,,,,
13,256,5 (1); 8; 9,250,,1998,,,,,,,,,,,,,2,,,,,,,,,,,
13,256,5 (1); 8; 9,252,,1992-1994,,,,,,,,,,,,,2,,,,,,,,,,,
13,256,5 (1); 8; 9,254,,1994,,,,,,,,,,,,,2,,,,,,,,,,,
13,256,5 (1); 8; 9,255,,1998,,,,,,,,,,,,,1,,,,,,,,,,,
13,256,5 (1); 8; 9,257,,1998,,,,,,,,,,,,,2,,,,,,,,,,,
13,256,5 (1); 8; 9,258,,1999,,,,,,,,,,,,,2,,,,,,,,,,,
13,256,5 (1); 8; 9,259,,1994,,,,,,,,,,,,,2,,,,,,,,,,,
13,256,5 (1); 8; 9,260,,1998,,,,,,,,,,,,,2,,,,,,,,,,,
13,256,5 (1); 8; 9,261,,1998,,,,,,,,,,,,,2,,,,,,,,,,,
13,256,5 (1); 8; 9,262,,1994,,,,,,,,,,,,,2,,,,,,,,,,,
13,256,5 (1); 8; 9,263,,1999,,,,,,,,,,,,,1,,,,,,,,,,,
13,256,5 (1); 8; 9,264,,1998,,,,,,,,,,,,,1,,,,,,,,,,,
13,256,5 (1); 8; 9,303,,1998,,,,,,,,,,,,,1,,,,,,,,,,,
13,257,13,7,,1998,,,,,,,,,,,,,1,,,,,,,,,,,
13,257,13,250,,1992-1994,,,,,,,,,,,,,2,,,,,,,,,,,
13,257,13,252,,1992-1994,,,,,,,,,,,,,2,,,,,,,,,,,
13,257,13,254,,1998,,,,,,,,,,,,,1,,,,,,,,,,,
13,257,13,255,,1998,,,,,,,,,,,,,1,,,,,,,,,,,
13,257,13,256,,1998,,,,,,,,,,,,,2,,,,,,,,,,,
13,257,13,258,,1998,,,,,,,,,,,,,1,,,,,,,,,,,
13,257,13,259,,1992-1994,,,,,,,,,,,,,2,,,,,,,,,,,
13,257,13,261,,1998,,,,,,,,,,,,,1,,,,,,,,,,,
13,257,13,264,,1998,,,,,,,,,,,,,1,,,,,,,,,,,
13,258,5 (0),250,,1999,2001,,,,,,,,,,,,2,,,,,,,,,,,
13,258,5 (0),254,,1999,,,,,,,,,,,,,2,,,,,,,,,,,
13,258,5 (0),256,,1999,,,,,,,,,,,,,2,,,,,,,,,,,
13,258,5 (0),257,,1999,,,,,,,,,,,,,1,,,,,,,,,,,
13,258,5 (0),259,,1999,,,,,,,,,,,,,2,,,,,,,,,,,
13,258,5 (0),260,,1999,,,,,,,,,,,,,1,,,,,,,,,,,
13,258,5 (0),261,,1999,,,,,,,,,,,,,1,,,,,,,,,,,
13,259,13,250,,1999,,,,,,,,,,,,,2,,,,,,,,,,,
13,259,13,252,,1992-1994,,,,,,,,,,,,,2,,,,,,,,,,,
13,259,13,254,,1994,,,,,,,,,,,,,2,,,,,,,,,,,
13,259,13,256,,1994,,,,,,,,,,,,,2,,,,,,,,,,,
13,259,13,257,,1992-1994,,,,,,,,,,,,,2,,,,,,,,,,,
13,259,13,258,,1999,,,,,,,,,,,,,2,,,,,,,,,,,
13,260,5 (0),256,,1999,,,,,,,,,,,,,2,,,,,,,,,,,
13,260,5 (0),258,,1999,,,,,,,,,,,,,1,,,,,,,,,,,
13,260,5 (0),303,,1999,,,,,,,,,,,,,1,,,,,,,,,,,
13,261,9,256,,1999,,,,,,,,,,,,,2,,,,,,,,,,,
13,261,9,257,,1999,,,,,,,,,,,,,1,,,,,,,,,,,
13,261,9,258,,1999,,,,,,,,,,,,,1,,,,,,,,,,,
13,261,9,262,,1999,,,,,,,,,,,,,1,,,,,,,,,,,
13,262,1; 2; 4,250,,1999,,,,,,,,,,,,,1,,,,,,,,,,,
13,262,1; 2; 4,255,,1999,,,,,,,,,,,,,1,,,,,,,,,,,
13,262,1; 2; 4,256,,1994,,,,,,,,,,,,,2,,,,,,,,,,,
13,262,1; 2; 4,261,,1999,,,,,,,,,,,,,1,,,,,,,,,,,
13,262,1; 2; 4,263,,1999,,,,,,,,,,,,,2,,,,,,,,,,,
13,263,5 (0),256,,1999,,,,,,,,,,,,,1,,,,,,,,,,,
13,263,5 (0),262,,1999,,,,,,,,,,,,,2,,,,,,,,,,,
13,264,3; 12,7,,,,,,,,,,,,,,,1,,,,,,,,,,,
13,264,3; 12,256,,1998,,,,,,,,,,,,,1,,,,,,,,,,,
13,264,3; 12,257,,,,,,,,,,,,,,,1,,,,,,,,,,,
14,264,3; 12,7,,,,,,,,,,,,,,,,1,,,,,,,,,,
14,264,3; 12,18,,,,,,,,,,,,,,,,1,,,,,,,,,,
14,264,3; 12,238,,,,,,,,,,,,,,,,1,,,,,,,,,,
14,264,3; 12,265,,,,,,,,,,,,,,,,1,,,,,,,,,,
14,264,3; 12,266,,,,,,,,,,,,,,,,1,,,,,,,,,,
14,264,3; 12,269,,,,,,,,,,,,,,,,1,,,,,,,,,,
14,264,3; 12,270,,,,,,,,,,,,,,,,1,,,,,,,,,,
14,264,3; 12,272,,,,,,,,,,,,,,,,1,,,,,,,,,,
14,264,3; 12,273,,,,,,,,,,,,,,,,1,,,,,,,,,,
14,264,3; 12,277,,,,,,,,,,,,,,,,1,,,,,,,,,,
14,264,3; 12,282,,,,,,,,,,,,,,,,1,,,,,,,,,,
14,265,5 (1); 8,238,,1999,,,,,,,,,,,,,,2,,,,,,,,,,
14,265,5 (1); 8,264,,1998,,,,,,,,,,,,,,1,,,,,,,,,,
14,265,5 (1); 8,266,,1998,,,,,,,,,,,,,,2,,,,,,,,,,
14,265,5 (1); 8,267,,1999,,,,,,,,,,,,,,2,,,,,,,,,,
14,265,5 (1); 8,268,,1998,,,,,,,,,,,,,,1,,,,,,,,,,
14,265,5 (1); 8,270,,1998,,,,,,,,,,,,,,1,,,,,,,,,,
14,266,8,238,,1998,,,,,,,,,,,,,,2,,,,,,,,,,
14,266,8,264,,1998,,,,,,,,,,,,,,1,,,,,,,,,,
14,266,8,265,,1998,,,,,,,,,,,,,,2,,,,,,,,,,
14,266,8,267,,1998,,,,,,,,,,,,,,2,,,,,,,,,,
14,266,8,268,,1998,,,,,,,,,,,,,,1,,,,,,,,,,
14,267,5 (2),238,,1999,,,,,,,,,,,,,,2,,,,,,,,,,
14,267,5 (2),265,,1999,,,,,,,,,,,,,,2,,,,,,,,,,
14,267,5 (2),266,,1998,,,,,,,,,,,,,,2,,,,,,,,,,
14,267,5 (2),268,,1998,,,,,,,,,,,,,,1,,,,,,,,,,
14,268,5 (2),238,,1993,,,,,,,,,,,,,,1,,,,,,,,,,
14,268,5 (2),265,,1993,,,,,,,,,,,,,,1,,,,,,,,,,
14,268,5 (2),266,,1993,,,,,,,,,,,,,,1,,,,,,,,,,
14,268,5 (2),267,,1993,,,,,,,,,,,,,,1,,,,,,,,,,
14,268,5 (2),269,,1993,,,,,,,,,,,,,,1,,,,,,,,,,
14,268,5 (2),282,,1993,,,,,,,,,,,,,,1,,,,,,,,,,
14,269,5 (0),7,,1996,,,,,,,,,,,,,,1,,,,,,,,,,
14,269,5 (0),18,,1996,,,,,,,,,,,,,,1,,,,,,,,,,
14,269,5 (0),264,,1996,,,,,,,,,,,,,,1,,,,,,,,,,
14,269,5 (0),268,,1996,,,,,,,,,,,,,,1,,,,,,,,,,
14,269,5 (0),274,,1996,,,,,,,,,,,,,,1,,,,,,,,,,
14,270,13,7,,,,,,,,,,,,,,,,1,,,,,,,,,,
14,270,,264,,,,,,,,,,,,,,,,1,,,,,,,,,,
14,270,,265,,,,,,,,,,,,,,,,1,,,,,,,,,,
14,270,,282,,,,,,,,,,,,,,,,1,,,,,,,,,,
14,271,13,7,,,,,,,,,,,,,,,,1,,,,,,,,,,
14,272,5 (0),264,,,,,,,,,,,,,,,,1,,,,,,,,,,
14,272,5 (0),273,,,,,,,,,,,,,,,,1,,,,,,,,,,
14,272,5 (0),274,,1995,,,,,,,,,,,,,,1,,,,,,,,,,
14,272,5 (0),276,,,,,,,,,,,,,,,,1,,,,,,,,,,
14,273,1,264,,1999,,,,,,,,,,,,,,1,,,,,,,,,,
14,273,1,272,,1999,,,,,,,,,,,,,,1,,,,,,,,,,
14,273,1,274,,1999,,,,,,,,,,,,,,1,,,,,,,,,,
14,274,5 (0),269,,1995,,,,,,,,,,,,,,1,,,,,,,,,,
14,274,5 (0),272,,1995,,,,,,,,,,,,,,1,,,,,,,,,,
14,274,5 (0),273,,1995,,,,,,,,,,,,,,1,,,,,,,,,,
14,274,5 (0),275,,1995,,,,,,,,,,,,,,2,,,,,,,,,,
14,275,13,274,,1994,,,,,,,,,,,,,,2,,,,,,,,,,
14,276,9,272,,1993,,,,,,,,,,,,,,1,,,,,,,,,,
14,276,9,277,,1993,,,,,,,,,,,,,,1,,,,,,,,,,
14,277,,264,,1995,,,,,,,,,,,,,,1,,,,,,,,,,
14,277,,276,,1995,,,,,,,,,,,,,,1,,,,,,,,,,
9,281,13,10,,1997,,,,,,,,,2,,,,,,,,,,,,,,,
14,281,,282,,1991,,,,,,,,,,,,,,1,,,,,,,,,,
14,282,13,264,,1995,,,,,,,,,,,,,,1,,,,,,,,,,
14,282,13,268,,1995,,,,,,,,,,,,,,1,,,,,,,,,,
14,282,13,270,,1995,,,,,,,,,,,,,,1,,,,,,,,,,
14,282,13,281,,1995,,,,,,,,,,,,,,1,,,,,,,,,,
18,283,5 (2),284,,1991,,,,,,,,,,,,,,,,1,,,,,,,,
18,283,5 (2),285,,1991,,,,,,,,,,,,,,,,1,,,,,,,,
18,283,5 (2),286,,1991,,,,,,,,,,,,,,,,1,,,,,,,,
18,283,5 (2),287,,1991,,,,,,,,,,,,,,,,1,,,,,,,,
18,283,5 (2),288,,1991,,,,,,,,,,,,,,,,1,,,,,,,,
18,283,5 (2),289,,1997,,,,,,,,,,,,,,,,1,,,,,,,,
18,284,,27,,1997,,,,,,,,,,,,,,,,1,,,,,,,,
18,284,8,283,,1997,,,,,,,,,,,,,,,,1,,,,,,,,
18,284,8,285,,1997,,,,,,,,,,,,,,,,2,,,,,,,,
18,284,8,286,,1997,,,,,,,,,,,,,,,,1,,,,,,,,
18,284,8,287,,1997,,,,,,,,,,,,,,,,1,,,,,,,,
18,284,8,288,,1997,,,,,,,,,,,,,,,,1,,,,,,,,
18,284,8,289,,1997,,,,,,,,,,,,,,,,1,,,,,,,,
18,285,5 (0),283,,1997,,,,,,,,,,,,,,,,1,,,,,,,,
18,285,5 (0),284,,1997,,,,,,,,,,,,,,,,2,,,,,,,,
18,285,5 (0),286,,1997,,,,,,,,,,,,,,,,1,,,,,,,,
18,285,5 (0),287,,1997,,,,,,,,,,,,,,,,1,,,,,,,,
18,285,5 (0),288,,1997,,,,,,,,,,,,,,,,1,,,,,,,,
18,285,5 (0),1349,,2000,,,,,,,,,,,,,,,,2,,,,,,,,
18,286,5 (0),283,,1996,,,,,,,,,,,,,,,,1,,,,,,,,
18,286,5 (0),284,,1996,,,,,,,,,,,,,,,,1,,,,,,,,
18,286,5 (0),285,,1996,,,,,,,,,,,,,,,,1,,,,,,,,
18,286,5 (0),287,,1998,,,,,,,,,,,,,,,,1,,,,,,,,
18,286,5 (0),288,,1996,,,,,,,,,,,,,,,,1,,,,,,,,
18,287,8,283,,1998,,,,,,,,,,,,,,,,1,,,,,,,,
18,287,8,284,,1998,,,,,,,,,,,,,,,,1,,,,,,,,
18,287,8,285,,1998,,,,,,,,,,,,,,,,1,,,,,,,,
18,287,8,286,,1998,,,,,,,,,,,,,,,,1,,,,,,,,
18,287,8,288,,,,,,,,,,,,,,,,,,1,,,,,,,,
18,288,13,283,,,,,,,,,,,,,,,,,,1,,,,,,,,
18,288,13,284,,,,,,,,,,,,,,,,,,1,,,,,,,,
18,288,13,285,,,,,,,,,,,,,,,,,,1,,,,,,,,
18,288,13,286,,,,,,,,,,,,,,,,,,1,,,,,,,,
18,288,13,287,,,,,,,,,,,,,,,,,,1,,,,,,,,
18,289,5 (0),284,,,,,,,,,,,,,,,,,,1,,,,,,,,
18,289,5 (0),283,,1997,,,,,,,,,,,,,,,,1,,,,,,,,
18,289,5 (0),290,,1997,,,,,,,,,,,,,,,,2,,,,,,,,
18,289,5 (0),291,,1997,,,,,,,,,,,,,,,,1,,,,,,,,
18,289,5 (0),292,,1997,,,,,,,,,,,,,,,,1,,,,,,,,
18,289,5 (0),1349,,2000,,,,,,,,,,,,,,,,2,,,,,,,,
18,290,5 (0),289,,1997,,,,,,,,,,,,,,,,2,,,,,,,,
18,290,5 (0),292,,1997,,,,,,,,,,,,,,,,1,,,,,,,,
18,290,5 (0),1349,,2000,,,,,,,,,,,,,,,,2,,,,,,,,
18,291,,289,,1998,,,,,,,,,,,,,,,,1,,,,,,,,
18,292,5 (0),289,,1998,,,,,,,,,,,,,,,,1,,,,,,,,
18,292,5 (0),290,,1998,,,,,,,,,,,,,,,,1,,,,,,,,
18,292,5 (0),1349,,2000,,,,,,,,,,,,,,,,1,,,,,,,,
19,293,5 (2),1,,2001,2001,,,,,,,,,,,,,,,,1,,,,,,,
19,293,5 (2),7,,1997,2001,,,,,,,,,,,,,,,,1,,,,,,,
19,293,5 (2),294,,1997,2001,,,,,,,,,,,,,,,,2,,,,,,,
19,293,5 (2),295,,1997,2001,,,,,,,,,,,,,,,,2,,,,,,,
19,293,5 (2),296,,1995-1999,2001,,,,,,,,,,,,,,,,2,,,,,,,
19,293,5 (2),300,,1997,2001,,,,,,,,,,,,,,,,2,,,,,,,
19,293,5 (2),301,1,1994,2001,,,,,,,,,,,,,,,,2,,,,,,,
19,293,5 (2),1421,,2000,2001,,,,,,,,,,,,,,,,2,,,,,,,
19,294,13,296,,1997,2001,,,,,,,,,,,,,,,,1,,,,,,,
19,294,13,301,,1997,2001,,,,,,,,,,,,,,,,1,,,,,,,
19,294,13,295,,1997,2001,,,,,,,,,,,,,,,,1,,,,,,,
19,294,13,293,,1997,2001,,,,,,,,,,,,,,,,2,,,,,,,
19,295,5 (1),293,,1997,2001,,,,,,,,,,,,,,,,2,,,,,,,
19,295,5 (1),294,,2000,2001,,,,,,,,,,,,,,,,1,,,,,,,
19,295,5 (1),296,,2000,2001,,,,,,,,,,,,,,,,1,,,,,,,
19,295,5 (1),300,,1997,2001,,,,,,,,,,,,,,,,2,,,,,,,
19,296,5 (2); 8,1,,2001,2001,,,,,,,,,,,,,,,,1,,,,,,,
19,296,5 (2); 8,7,,1997,2001,,,,,,,,,,,,,,,,1,,,,,,,
19,296,5 (2); 8,293,,1995-1999,2001,,,,,,,,,,,,,,,,2,,,,,,,
19,296,5 (2); 8,294,,1997,2001,,,,,,,,,,,,,,,,1,,,,,,,
19,296,5 (2); 8,295,,1997,2001,,,,,,,,,,,,,,,,1,,,,,,,
19,296,5 (2); 8,300,,2000,2001,,,,,,,,,,,,,,,,1,,,,,,,
20,298,8,7,,2001,2002,,,,,,,,,,,,,,,,,1,,,,,,
20,298,,1350,,2001,2002,,,,,,,,,,,,,,,,,2,,,,,,
19,300,13,293,,2000,2001,,,,,,,,,,,,,,,,2,,,,,,,
19,300,13,295,,1997,2001,,,,,,,,,,,,,,,,2,,,,,,,
19,300,13,296,,2000,2001,,,,,,,,,,,,,,,,1,,,,,,,
19,301,13,293,1,1994,2001,,,,,,,,,,,,,,,,2,,,,,,,
19,301,13,294,,2000,,,,,,,,,,,,,,,,,1,,,,,,,
13,303,13,254,,1998,,,,,,,,,,,,,1,,,,,,,,,,,
13,303,13,256,,1998,,,,,,,,,,,,,1,,,,,,,,,,,
13,303,13,260,,1998,,,,,,,,,,,,,1,,,,,,,,,,,
12,344,5 (2); 3,7,,1989,,,,,,,,,,,,2,,,,,,,,,,,,
12,344,5 (2); 3,18,,1989,,,,,,,,,,,,1,,,,,,,,,,,,
12,344,5 (2); 3,345,,1996,,,,,,,,,,,,2,,,,,,,,,,,,
12,344,5 (2); 3,346,,1990-1994,,,,,,,,,,,,1,,,,,,,,,,,,
12,344,5 (2); 3,1399,,1999,,,,,,,,,,,,1,,,,,,,,,,,,
12,344,5 (2); 3,1487,0,1998,1999,,,,,,,,,,,2,,,,,,,,,,,,
12,344,5 (2); 3,1488,,1998,1999,,,,,,,,,,,2,,,,,,,,,,,,
12,345,5 (2); 3; 9; 11,7,,1990,,,,,,,,,,,,1,,,,,,,,,,,,
12,345,5 (2); 3; 9; 11,344,,1990-1994,,,,,,,,,,,,2,,,,,,,,,,,,
12,345,5 (2); 3; 9; 11,346,3,,,,,,,,,,,,,3,,,,,,,,,,,,
12,345,5 (2); 3; 9; 11,1399,,1999,,,,,,,,,,,,1,,,,,,,,,,,,
12,345,5 (2); 3; 9; 11,1487,0,1998,1999,,,,,,,,,,,2,,,,,,,,,,,,
12,345,5 (2); 3; 9; 11,1488,0,1998,1999,,,,,,,,,,,2,,,,,,,,,,,,
12,346,,344,,1990-1994,,,,,,,,,,,,1,,,,,,,,,,,,
12,346,,345,3,,,,,,,,,,,,,3,,,,,,,,,,,,
15,357,12,8,,1995-1999,,,,,,,,,,,,,,,1,,,,,,,,,
15,357,12,1346,,1995-1999,,,,,,,,,,,,,,,2,,,,,,,,,
15,357,12,1347,,1995-1999,,,,,,,,,,,,,,,2,,,,,,,,,
1,358,4,5,,1993,1994,1,,,,,,,,,,,,,,,,,,,,,,
1,358,4,41,,1992,1994,1,,,,,,,,,,,,,,,,,,,,,,
5,358,4,43,,1989,,,,,2,,,,,,,,,,,,,,,,,,,
5,358,4,41,,1995,,,,,1,,,,,,,,,,,,,,,,,,,
1,1300,,38,,1989,1994,2,,,,,,,,,,,,,,,,,,,,,,
1,1300,,1305,,1985-1989,1997,2,,,,,,,,,,,,,,,,,,,,,,
1,1301,,38,,1992,1994,2,,,,,,,,,,,,,,,,,,,,,,
1,1301,,41,,1992,1994,2,,,,,,,,,,,,,,,,,,,,,,
1,1301,,1304,,1992,1994,2,,,,,,,,,,,,,,,,,,,,,,
1,1301,,1305,,1992,1994,2,,,,,,,,,,,,,,,,,,,,,,
1,1302,,41,,,1994,2,,,,,,,,,,,,,,,,,,,,,,
1,1303,,41,,1992,1997,2,,,,,,,,,,,,,,,,,,,,,,
1,1304,,38,,1992,1994,2,,,,,,,,,,,,,,,,,,,,,,
1,1304,,41,,1993,1993,2,,,,,,,,,,,,,,,,,,,,,,
1,1304,,1301,,1992,1994,2,,,,,,,,,,,,,,,,,,,,,,
1,1304,,1305,,1992,1994,2,,,,,,,,,,,,,,,,,,,,,,
1,1305,5(0),38,,1992,1994,2,,,,,,,,,,,,,,,,,,,,,,
1,1305,,41,,1992,1994,2,,,,,,,,,,,,,,,,,,,,,,
1,1305,,1300,,1985-1989,1994,2,,,,,,,,,,,,,,,,,,,,,,
1,1305,,1301,,1992,1994,2,,,,,,,,,,,,,,,,,,,,,,
1,1305,,1304,,1992,1994,3,,,,,,,,,,,,,,,,,,,,,,
1,1308,1,38,3,1960s,1998,3,,,,,,,,,,,,,,,,,,,,,,
26,1321,5 (1),84,,2001,2002,,,,,,,,,,,,,,,,,,,,,2,,
26,1321,5 (1),1322,,2001,2002,,,,,,,,,,,,,,,,,,,,,2,,
26,1321,5 (1),1325,5,2001,,,,,,,,,,,,,,,,,,,,,,3,,
26,1322,5 (1),84,,2001,2002,,,,,,,,,,,,,,,,,,,,,2,,
26,1322,5 (1),1321,,2001,2002,,,,,,,,,,,,,,,,,,,,,2,,
26,1323,,8,,2000,,,,,,,,,,,,,,,,,,,,,,2,,
26,1324,1,84,5,2001,,,,,,,,,,,,,,,,,,,,,,3,,
26,1324,1,1499,3,1980s,,,,,,,,,,,,,,,,,,,,,,3,,
26,1325,1,1321,5,2001,,,,,,,,,,,,,,,,,,,,,,3,,
9,1340,5 (3); 8,1341,,1997,1997,,,,,,,,2,,,,,,,,,,,,,,,
9,1340,5 (3); 8,1342,,1997,1997,,,,,,,,2,,,,,,,,,,,,,,,
9,1340,5 (3); 8,1343,,1997,1997,,,,,,,,2,,,,,,,,,,,,,,,
9,1340,5 (3); 8,1344,,1997,1997,,,,,,,,2,,,,,,,,,,,,,,,
9,1340,5 (3); 8,1345,,1997,1997,,,,,,,,2,,,,,,,,,,,,,,,
9,1341,8,1340,,1997,1997,,,,,,,,2,,,,,,,,,,,,,,,
9,1341,8,1342,,1997,1997,,,,,,,,2,,,,,,,,,,,,,,,
9,1341,8,1343,,1997,1997,,,,,,,,2,,,,,,,,,,,,,,,
9,1341,8,1344,,1997,1997,,,,,,,,2,,,,,,,,,,,,,,,
9,1341,8,1345,,1997,1997,,,,,,,,2,,,,,,,,,,,,,,,
9,1342,8,1340,,1997,1997,,,,,,,,2,,,,,,,,,,,,,,,
9,1342,8,1341,,1997,1997,,,,,,,,2,,,,,,,,,,,,,,,
9,1342,8,1343,,1980s,1997,,,,,,,,2,,,,,,,,,,,,,,,
9,1342,8,1344,,1997,1997,,,,,,,,2,,,,,,,,,,,,,,,
9,1342,8,1345,,1997,1997,,,,,,,,2,,,,,,,,,,,,,,,
9,1343,8,1340,,1997,1997,,,,,,,,2,,,,,,,,,,,,,,,
9,1343,8,1341,,1997,1997,,,,,,,,2,,,,,,,,,,,,,,,
9,1343,8,1342,,1980s,1997,,,,,,,,2,,,,,,,,,,,,,,,
9,1343,8,1344,,1997,1997,,,,,,,,2,,,,,,,,,,,,,,,
9,1343,8,1345,,1997,1997,,,,,,,,2,,,,,,,,,,,,,,,
9,1344,8,1340,,1997,1997,,,,,,,,2,,,,,,,,,,,,,,,
9,1344,8,1341,,1997,1997,,,,,,,,2,,,,,,,,,,,,,,,
9,1344,8,1342,,1997,1997,,,,,,,,2,,,,,,,,,,,,,,,
9,1344,8,1343,,1997,1997,,,,,,,,2,,,,,,,,,,,,,,,
9,1344,8,1345,,1997,1997,,,,,,,,2,,,,,,,,,,,,,,,
9,1345,8,1340,,1997,1997,,,,,,,,2,,,,,,,,,,,,,,,
9,1345,8,1341,,1997,1997,,,,,,,,2,,,,,,,,,,,,,,,
9,1345,8,1342,,1997,1997,,,,,,,,2,,,,,,,,,,,,,,,
9,1345,8,1343,,1997,1997,,,,,,,,2,,,,,,,,,,,,,,,
9,1345,8,1344,,1997,1997,,,,,,,,2,,,,,,,,,,,,,,,
15,1346,8,8,,1999,2000,,,,,,,,,,,,,,2,,,,,,,,,
15,1346,8,37,,1999,2000,,,,,,,,,,,,,,2,,,,,,,,,
15,1346,8,55,,2000,2000,,,,,,,,,,,,,,2,,,,,,,,,
15,1346,8,93,,1999,2000,,,,,,,,,,,,,,2,,,,,,,,,
15,1346,8,357,,1995-1999,2000,,,,,,,,,,,,,,2,,,,,,,,,
15,1346,8,1347,,1999,2000,,,,,,,,,,,,,,2,,,,,,,,,
15,1347,8,8,,1999,2000,,,,,,,,,,,,,,2,,,,,,,,,
15,1347,8,37,,1999,2000,,,,,,,,,,,,,,2,,,,,,,,,
15,1347,8,55,,2000,2000,,,,,,,,,,,,,,2,,,,,,,,,
15,1347,8,93,,1999,2000,,,,,,,,,,,,,,2,,,,,,,,,
15,1347,8,357,,1995-1999,2000,,,,,,,,,,,,,,2,,,,,,,,,
15,1347,8,1346,,1999,2000,,,,,,,,,,,,,,2,,,,,,,,,
15,1348,9; 12,8,,1990,2006,,,,,,,,,,,,,,2,,,,,,,,,
18,1349,5 (0),285,,2000,,,,,,,,,,,,,,,,2,,,,,,,,
18,1349,5 (0),289,,2000,,,,,,,,,,,,,,,,2,,,,,,,,
18,1349,5 (0),290,,2000,,,,,,,,,,,,,,,,2,,,,,,,,
18,1349,5 (0),292,,2000,,,,,,,,,,,,,,,,1,,,,,,,,
20,1350,,298,,2001,2003,,,,,,,,,,,,,,,,,2,,,,,,
28,1356,5 (1),99,,,,,,,,,,,,,,,,,,,,,,,,,,1
28,1356,5 (1),103,,,,,,,,,,,,,,,,,,,,,,,,,,1
28,1356,5 (1),128,,,,,,,,,,,,,,,,,,,,,,,,,,1
28,1356,5 (1),130,,,,,,,,,,,,,,,,,,,,,,,,,,1
28,1356,5 (1),136,,,,,,,,,,,,,,,,,,,,,,,,,,1
28,1356,5 (1),1375,,,,,,,,,,,,,,,,,,,,,,,,,,1
28,1360,8,101,,2003,,,,,,,,,,,,,,,,,,,,,,,,2
28,1360,8,102,,2003,,,,,,,,,,,,,,,,,,,,,,,,2
28,1360,8,1361,,2003,,,,,,,,,,,,,,,,,,,,,,,,2
28,1360,8,1362,,2003,,,,,,,,,,,,,,,,,,,,,,,,2
28,1360,8,1363,,2003,,,,,,,,,,,,,,,,,,,,,,,,2
28,1360,8,1364,,2003,,,,,,,,,,,,,,,,,,,,,,,,2
28,1360,8,1365,,2003,,,,,,,,,,,,,,,,,,,,,,,,2
28,1360,8,1366,,2003,,,,,,,,,,,,,,,,,,,,,,,,2
28,1360,8,1367,,2003,,,,,,,,,,,,,,,,,,,,,,,,2
28,1360,8,1368,,2003,,,,,,,,,,,,,,,,,,,,,,,,2
28,1360,8,1369,,2003,,,,,,,,,,,,,,,,,,,,,,,,2
28,1361,8,101,,2003,,,,,,,,,,,,,,,,,,,,,,,,2
28,1361,8,102,,2003,,,,,,,,,,,,,,,,,,,,,,,,2
28,1361,8,1360,,2003,,,,,,,,,,,,,,,,,,,,,,,,2
28,1361,8,1362,,2003,,,,,,,,,,,,,,,,,,,,,,,,2
28,1361,8,1363,,2003,,,,,,,,,,,,,,,,,,,,,,,,2
28,1361,8,1364,,2003,,,,,,,,,,,,,,,,,,,,,,,,2
28,1361,8,1365,,2003,,,,,,,,,,,,,,,,,,,,,,,,2
28,1361,8,1366,,2003,,,,,,,,,,,,,,,,,,,,,,,,2
28,1361,8,1367,,2003,,,,,,,,,,,,,,,,,,,,,,,,2
28,1361,8,1368,,2003,,,,,,,,,,,,,,,,,,,,,,,,2
28,1361,8,1369,,2003,,,,,,,,,,,,,,,,,,,,,,,,2
28,1362,8,101,,2003,,,,,,,,,,,,,,,,,,,,,,,,2
28,1362,8,102,,2003,,,,,,,,,,,,,,,,,,,,,,,,2
28,1362,8,1360,,2003,,,,,,,,,,,,,,,,,,,,,,,,2
28,1362,8,1361,,2003,,,,,,,,,,,,,,,,,,,,,,,,2
28,1362,8,1363,,2003,,,,,,,,,,,,,,,,,,,,,,,,2
28,1362,8,1364,,2003,,,,,,,,,,,,,,,,,,,,,,,,2
28,1362,8,1365,,2003,,,,,,,,,,,,,,,,,,,,,,,,2
28,1362,8,1366,,2003,,,,,,,,,,,,,,,,,,,,,,,,2
28,1362,8,1367,,2003,,,,,,,,,,,,,,,,,,,,,,,,2
28,1362,8,1368,,2003,,,,,,,,,,,,,,,,,,,,,,,,2
28,1362,8,1369,,2003,,,,,,,,,,,,,,,,,,,,,,,,2
28,1363,8,101,,2003,,,,,,,,,,,,,,,,,,,,,,,,2
28,1363,8,102,,2003,,,,,,,,,,,,,,,,,,,,,,,,2
28,1363,8,1360,,2003,,,,,,,,,,,,,,,,,,,,,,,,2
28,1363,8,1361,,2003,,,,,,,,,,,,,,,,,,,,,,,,2
28,1363,8,1362,,2003,,,,,,,,,,,,,,,,,,,,,,,,2
28,1363,8,1364,,2003,,,,,,,,,,,,,,,,,,,,,,,,2
28,1363,8,1365,,2003,,,,,,,,,,,,,,,,,,,,,,,,2
28,1363,8,1366,,2003,,,,,,,,,,,,,,,,,,,,,,,,2
28,1363,8,1367,,2003,,,,,,,,,,,,,,,,,,,,,,,,2
28,1363,8,1368,,2003,,,,,,,,,,,,,,,,,,,,,,,,2
28,1363,8,1369,,2003,,,,,,,,,,,,,,,,,,,,,,,,2
28,1364,8,101,,2003,,,,,,,,,,,,,,,,,,,,,,,,2
28,1364,8,102,,2003,,,,,,,,,,,,,,,,,,,,,,,,2
28,1364,8,1360,,2003,,,,,,,,,,,,,,,,,,,,,,,,2
28,1364,8,1361,,2003,,,,,,,,,,,,,,,,,,,,,,,,2
28,1364,8,1362,,2003,,,,,,,,,,,,,,,,,,,,,,,,2
28,1364,8,1363,,2003,,,,,,,,,,,,,,,,,,,,,,,,2
28,1364,8,1365,,2003,,,,,,,,,,,,,,,,,,,,,,,,2
28,1364,8,1366,,2003,,,,,,,,,,,,,,,,,,,,,,,,2
28,1364,8,1367,,2003,,,,,,,,,,,,,,,,,,,,,,,,2
28,1364,8,1368,,2003,,,,,,,,,,,,,,,,,,,,,,,,2
28,1364,8,1369,,2003,,,,,,,,,,,,,,,,,,,,,,,,2
28,1365,8,101,,2003,,,,,,,,,,,,,,,,,,,,,,,,2
28,1365,8,102,,2003,,,,,,,,,,,,,,,,,,,,,,,,2
28,1365,8,1360,,2003,,,,,,,,,,,,,,,,,,,,,,,,2
28,1365,8,1361,,2003,,,,,,,,,,,,,,,,,,,,,,,,2
28,1365,8,1362,,2003,,,,,,,,,,,,,,,,,,,,,,,,2
28,1365,8,1363,,2003,,,,,,,,,,,,,,,,,,,,,,,,2
28,1365,8,1364,,2003,,,,,,,,,,,,,,,,,,,,,,,,2
28,1365,8,1366,,2003,,,,,,,,,,,,,,,,,,,,,,,,2
28,1365,8,1367,,2003,,,,,,,,,,,,,,,,,,,,,,,,2
28,1365,8,1368,,2003,,,,,,,,,,,,,,,,,,,,,,,,2
28,1365,8,1369,,2003,,,,,,,,,,,,,,,,,,,,,,,,2
28,1366,8,101,,2003,,,,,,,,,,,,,,,,,,,,,,,,2
28,1366,8,102,,2003,,,,,,,,,,,,,,,,,,,,,,,,2
28,1366,8,1360,,2003,,,,,,,,,,,,,,,,,,,,,,,,2
28,1366,8,1361,,2003,,,,,,,,,,,,,,,,,,,,,,,,2
28,1366,8,1362,,2003,,,,,,,,,,,,,,,,,,,,,,,,2
28,1366,8,1363,,2003,,,,,,,,,,,,,,,,,,,,,,,,2
28,1366,8,1364,,2003,,,,,,,,,,,,,,,,,,,,,,,,2
28,1366,8,1365,,2003,,,,,,,,,,,,,,,,,,,,,,,,2
28,1366,8,1367,,2003,,,,,,,,,,,,,,,,,,,,,,,,2
28,1366,8,1368,,2003,,,,,,,,,,,,,,,,,,,,,,,,2
28,1366,8,1369,,2003,,,,,,,,,,,,,,,,,,,,,,,,2
28,1367,8,101,,2003,,,,,,,,,,,,,,,,,,,,,,,,2
28,1367,8,102,,2003,,,,,,,,,,,,,,,,,,,,,,,,2
28,1367,8,1360,,2003,,,,,,,,,,,,,,,,,,,,,,,,2
28,1367,8,1361,,2003,,,,,,,,,,,,,,,,,,,,,,,,2
28,1367,8,1362,,2003,,,,,,,,,,,,,,,,,,,,,,,,2
28,1367,8,1363,,2003,,,,,,,,,,,,,,,,,,,,,,,,2
28,1367,8,1364,,2003,,,,,,,,,,,,,,,,,,,,,,,,2
28,1367,8,1365,,2003,,,,,,,,,,,,,,,,,,,,,,,,2
28,1367,8,1366,,2003,,,,,,,,,,,,,,,,,,,,,,,,2
28,1367,8,1368,,2003,,,,,,,,,,,,,,,,,,,,,,,,2
28,1367,8,1369,,2003,,,,,,,,,,,,,,,,,,,,,,,,2
28,1368,8,101,,2003,,,,,,,,,,,,,,,,,,,,,,,,2
28,1368,8,102,,2003,,,,,,,,,,,,,,,,,,,,,,,,2
28,1368,8,1360,,2003,,,,,,,,,,,,,,,,,,,,,,,,2
28,1368,8,1361,,2003,,,,,,,,,,,,,,,,,,,,,,,,2
28,1368,8,1362,,2003,,,,,,,,,,,,,,,,,,,,,,,,2
28,1368,8,1363,,2003,,,,,,,,,,,,,,,,,,,,,,,,2
28,1368,8,1364,,2003,,,,,,,,,,,,,,,,,,,,,,,,2
28,1368,8,1365,,2003,,,,,,,,,,,,,,,,,,,,,,,,2
28,1368,8,1366,,2003,,,,,,,,,,,,,,,,,,,,,,,,2
28,1368,8,1367,,2003,,,,,,,,,,,,,,,,,,,,,,,,2
28,1368,8,1369,,2003,,,,,,,,,,,,,,,,,,,,,,,,2
28,1369,8,101,,2003,,,,,,,,,,,,,,,,,,,,,,,,2
28,1369,8,102,,2003,,,,,,,,,,,,,,,,,,,,,,,,2
28,1369,8,1360,,2003,,,,,,,,,,,,,,,,,,,,,,,,2
28,1369,8,1361,,2003,,,,,,,,,,,,,,,,,,,,,,,,2
28,1369,8,1362,,2003,,,,,,,,,,,,,,,,,,,,,,,,2
28,1369,8,1363,,2003,,,,,,,,,,,,,,,,,,,,,,,,2
28,1369,8,1364,,2003,,,,,,,,,,,,,,,,,,,,,,,,2
28,1369,8,1365,,2003,,,,,,,,,,,,,,,,,,,,,,,,2
28,1369,8,1366,,2003,,,,,,,,,,,,,,,,,,,,,,,,2
28,1369,8,1367,,2003,,,,,,,,,,,,,,,,,,,,,,,,2
28,1369,8,1368,,2003,,,,,,,,,,,,,,,,,,,,,,,,2
28,1370,5 (1),102,,2003,,,,,,,,,,,,,,,,,,,,,,,,1
28,1370,5 (1),129,,2003,,,,,,,,,,,,,,,,,,,,,,,,2
28,1371,2,102,,2003,,,,,,,,,,,,,,,,,,,,,,,,1
28,1373,2,102,,2003,,,,,,,,,,,,,,,,,,,,,,,,1
28,1374,2,102,,2003,,,,,,,,,,,,,,,,,,,,,,,,1
28,1375,5 (2),98,,2003,,,,,,,,,,,,,,,,,,,,,,,,1
28,1375,5 (2),99,,2003,,,,,,,,,,,,,,,,,,,,,,,,1
28,1375,5 (2),103,,2003,,,,,,,,,,,,,,,,,,,,,,,,1
28,1375,5 (2),128,,2003,,,,,,,,,,,,,,,,,,,,,,,,1
28,1375,5 (2),130,,2003,,,,,,,,,,,,,,,,,,,,,,,,1
28,1375,5 (2),136,,2003,,,,,,,,,,,,,,,,,,,,,,,,1
28,1375,5 (2),1356,,2003,,,,,,,,,,,,,,,,,,,,,,,,1
23,1385,4,14,,2002,2003,,,,,,,,,,,,,,,,,,,1,,,,
23,1385,4,1386,,1990-1999,2003,,,,,,,,,,,,,,,,,,,2,,,,
23,1385,4,1387,,1990,2003,,,,,,,,,,,,,,,,,,,2,,,,
23,1385,4,1389,,2002,2003,,,,,,,,,,,,,,,,,,,1,,,,
23,1386,4,14,,2002,2003,,,,,,,,,,,,,,,,,,,1,,,,
23,1386,4,1385,,1990-1999,2003,,,,,,,,,,,,,,,,,,,2,,,,
23,1386,4,1387,,2002,2003,,,,,,,,,,,,,,,,,,,1,,,,
23,1387,4,14,,2002,2003,,,,,,,,,,,,,,,,,,,2,,,,
23,1387,4,1385,,1990,2003,,,,,,,,,,,,,,,,,,,2,,,,
23,1387,4,1386,,2002,2003,,,,,,,,,,,,,,,,,,,1,,,,
23,1387,4,1389,,2002,2002,,,,,,,,,,,,,,,,,,,1,,,,
23,1388,5 (0),87,2,1980s,2002,,,,,,,,,,,,,,,,,,,3,,,,
23,1388,5 (0),1389,2,1980s,2002,,,,,,,,,,,,,,,,,,,3,,,,
23,1389,2,87,3,1980s,2002,,,,,,,,,,,,,,,,,,,3,,,,
23,1389,2,1385,,2002,2003,,,,,,,,,,,,,,,,,,,1,,,,
23,1389,2,1387,,2002,2002,,,,,,,,,,,,,,,,,,,1,,,,
23,1389,2,1388,2,1980s,2002,,,,,,,,,,,,,,,,,,,3,,,,
25,1390,,51,,2002,,,,,,,,,,,,,,,,,,,,,2,,,
25,1390,,1391,,2002,,,,,,,,,,,,,,,,,,,,,2,,,
25,1390,,1392,,2002,,,,,,,,,,,,,,,,,,,,,2,,,
25,1390,,1393,,2002,,,,,,,,,,,,,,,,,,,,,1,,,
25,1390,,1394,,2002,,,,,,,,,,,,,,,,,,,,,1,,,
25,1390,,1397,,2002,,,,,,,,,,,,,,,,,,,,,2,,,
25,1390,,1398,,2002,,,,,,,,,,,,,,,,,,,,,2,,,
25,1391,,51,,2002,,,,,,,,,,,,,,,,,,,,,2,,,
25,1391,,1390,,2002,,,,,,,,,,,,,,,,,,,,,2,,,
25,1391,,1393,,2002,,,,,,,,,,,,,,,,,,,,,1,,,
25,1391,,1394,,2002,,,,,,,,,,,,,,,,,,,,,1,,,
25,1391,,1396,,2002,,,,,,,,,,,,,,,,,,,,,2,,,
25,1391,,1397,,2002,,,,,,,,,,,,,,,,,,,,,2,,,
25,1391,,1398,,2002,,,,,,,,,,,,,,,,,,,,,2,,,
25,1392,,51,,2002,2003,,,,,,,,,,,,,,,,,,,,1,,,
25,1392,,1390,,2002,,,,,,,,,,,,,,,,,,,,,2,,,
25,1392,,1396,,2002,2003,,,,,,,,,,,,,,,,,,,,1,,,
25,1392,,1397,,2002,2003,,,,,,,,,,,,,,,,,,,,2,,,
25,1392,,1398,,1998,2003,,,,,,,,,,,,,,,,,,,,2,,,
25,1393,,51,,2002,2002,,,,,,,,,,,,,,,,,,,,1,,,
25,1393,,1390,,2002,2002,,,,,,,,,,,,,,,,,,,,1,,,
25,1393,,1391,,2002,2002,,,,,,,,,,,,,,,,,,,,1,,,
25,1393,,1394,,2002,2002,,,,,,,,,,,,,,,,,,,,2,,,
25,1393,,1395,,2002,2002,,,,,,,,,,,,,,,,,,,,2,,,
25,1394,,51,,2002,2002,,,,,,,,,,,,,,,,,,,,1,,,
25,1394,,1391,,2002,,,,,,,,,,,,,,,,,,,,,1,,,
25,1394,,1390,,2002,,,,,,,,,,,,,,,,,,,,,1,,,
25,1394,,1393,,2002,2002,,,,,,,,,,,,,,,,,,,,2,,,
25,1394,,1395,,2002,2002,,,,,,,,,,,,,,,,,,,,2,,,
25,1395,,1393,,2002,2002,,,,,,,,,,,,,,,,,,,,2,,,
25,1395,,1394,,2002,2002,,,,,,,,,,,,,,,,,,,,2,,,
25,1396,,51,,2002,2003,,,,,,,,,,,,,,,,,,,,1,,,
25,1396,,1391,,2002,2003,,,,,,,,,,,,,,,,,,,,2,,,
25,1396,,1392,,2002,2003,,,,,,,,,,,,,,,,,,,,1,,,
25,1396,,1397,,2002,2003,,,,,,,,,,,,,,,,,,,,2,,,
25,1396,,1398,,2002,,,,,,,,,,,,,,,,,,,,,2,,,
25,1397,,51,,2002,2007,,,,,,,,,,,,,,,,,,,,1,,,
25,1397,,1390,,2002,2007,,,,,,,,,,,,,,,,,,,,2,,,
25,1397,,1391,,2002,2007,,,,,,,,,,,,,,,,,,,,2,,,
25,1397,,1392,,2002,2003,,,,,,,,,,,,,,,,,,,,2,,,
25,1397,,1396,,2002,2003,,,,,,,,,,,,,,,,,,,,2,,,
25,1397,,1398,,2002,2007,,,,,,,,,,,,,,,,,,,,2,,,
25,1398,,1390,,2002,,,,,,,,,,,,,,,,,,,,,2,,,
25,1398,,1391,,2002,,,,,,,,,,,,,,,,,,,,,2,,,
25,1398,,1392,,1998,2003,,,,,,,,,,,,,,,,,,,,2,,,
25,1398,,1396,,2002,2003,,,,,,,,,,,,,,,,,,,,2,,,
25,1398,,1397,,2002,2007,,,,,,,,,,,,,,,,,,,,2,,,
12,1399,12,7,,1990-1999,,,,,,,,,,,,2,,,,,,,,,,,,
12,1399,12,344,,1999,,,,,,,,,,,,1,,,,,,,,,,,,
12,1399,12,345,,1999,,,,,,,,,,,,1,,,,,,,,,,,,
19,1421,13,293,,2000,2001,,,,,,,,,,,,,,,,2,,,,,,,
7,1422,5 (3),13,,1995,,,,,,,2,,,,,,,,,,,,,,,,,
7,1423,5 (2),1424,,1995,1995,,,,,,2,,,,,,,,,,,,,,,,,
7,1423,5 (2),1425,,1995,1995,,,,,,2,,,,,,,,,,,,,,,,,
7,1423,5 (2),1426,,1995,1995,,,,,,2,,,,,,,,,,,,,,,,,
7,1423,5 (2),1427,,1995,1995,,,,,,2,,,,,,,,,,,,,,,,,
7,1423,5 (2),1428,,1995,1995,,,,,,2,,,,,,,,,,,,,,,,,
7,1423,5 (2),1429,,1995,1995,,,,,,2,,,,,,,,,,,,,,,,,
7,1423,5 (2),1430,,1995,1995,,,,,,2,,,,,,,,,,,,,,,,,
7,1423,5 (2),1431,,1995,1995,,,,,,2,,,,,,,,,,,,,,,,,
7,1424,5 (2) 8,1423,,1995,1995,,,,,,2,,,,,,,,,,,,,,,,,
7,1424,5 (2) 8,1425,,1995,1995,,,,,,2,,,,,,,,,,,,,,,,,
7,1424,5 (2) 8,1426,,1995,1995,,,,,,2,,,,,,,,,,,,,,,,,
7,1424,5 (2) 8,1427,,1995,1995,,,,,,2,,,,,,,,,,,,,,,,,
7,1424,5 (2) 8,1428,,1995,1995,,,,,,2,,,,,,,,,,,,,,,,,
7,1424,5 (2) 8,1429,,1995,1995,,,,,,2,,,,,,,,,,,,,,,,,
7,1424,5 (2) 8,1430,,1995,1995,,,,,,2,,,,,,,,,,,,,,,,,
7,1424,5 (2) 8,1431,,1995,1995,,,,,,2,,,,,,,,,,,,,,,,,
7,1425,8,1423,,1995,1995,,,,,,2,,,,,,,,,,,,,,,,,
7,1425,8,1424,,1995,1995,,,,,,2,,,,,,,,,,,,,,,,,
7,1425,8,1426,,1995,1995,,,,,,2,,,,,,,,,,,,,,,,,
7,1425,8,1427,,1995,1995,,,,,,2,,,,,,,,,,,,,,,,,
7,1425,8,1428,,1995,1995,,,,,,2,,,,,,,,,,,,,,,,,
7,1425,8,1429,,1995,1995,,,,,,2,,,,,,,,,,,,,,,,,
7,1425,8,1430,,1995,1995,,,,,,2,,,,,,,,,,,,,,,,,
7,1425,8,1431,,1995,1995,,,,,,2,,,,,,,,,,,,,,,,,
7,1426,8,1423,,1995,1995,,,,,,2,,,,,,,,,,,,,,,,,
7,1426,8,1424,,1995,1995,,,,,,2,,,,,,,,,,,,,,,,,
7,1426,8,1425,,1995,1995,,,,,,2,,,,,,,,,,,,,,,,,
7,1426,8,1427,,1995,1995,,,,,,2,,,,,,,,,,,,,,,,,
7,1426,8,1428,,1995,1995,,,,,,2,,,,,,,,,,,,,,,,,
7,1426,8,1429,,1995,1995,,,,,,2,,,,,,,,,,,,,,,,,
7,1426,8,1430,,1995,1995,,,,,,2,,,,,,,,,,,,,,,,,
7,1426,8,1431,,1995,1995,,,,,,2,,,,,,,,,,,,,,,,,
7,1427,8,1423,,1995,1995,,,,,,2,,,,,,,,,,,,,,,,,
7,1427,8,1424,,1995,1995,,,,,,2,,,,,,,,,,,,,,,,,
7,1427,8,1425,,1995,1995,,,,,,2,,,,,,,,,,,,,,,,,
7,1427,8,1426,,1995,1995,,,,,,2,,,,,,,,,,,,,,,,,
7,1427,8,1428,,1995,1995,,,,,,2,,,,,,,,,,,,,,,,,
7,1427,8,1429,,1995,1995,,,,,,2,,,,,,,,,,,,,,,,,
7,1427,8,1430,,1995,1995,,,,,,2,,,,,,,,,,,,,,,,,
7,1427,8,1431,,1995,1995,,,,,,2,,,,,,,,,,,,,,,,,
7,1428,8,1423,,1995,1995,,,,,,2,,,,,,,,,,,,,,,,,
7,1428,8,1424,,1995,1995,,,,,,2,,,,,,,,,,,,,,,,,
7,1428,8,1425,,1995,1995,,,,,,2,,,,,,,,,,,,,,,,,
7,1428,8,1426,,1995,1995,,,,,,2,,,,,,,,,,,,,,,,,
7,1428,8,1427,,1995,1995,,,,,,2,,,,,,,,,,,,,,,,,
7,1428,8,1429,,1995,1995,,,,,,2,,,,,,,,,,,,,,,,,
7,1428,8,1430,,1995,1995,,,,,,2,,,,,,,,,,,,,,,,,
7,1428,8,1431,,1995,1995,,,,,,2,,,,,,,,,,,,,,,,,
7,1429,8,1423,,1995,1995,,,,,,2,,,,,,,,,,,,,,,,,
7,1429,8,1424,,1995,1995,,,,,,2,,,,,,,,,,,,,,,,,
7,1429,8,1425,,1995,1995,,,,,,2,,,,,,,,,,,,,,,,,
7,1429,8,1426,,1995,1995,,,,,,2,,,,,,,,,,,,,,,,,
7,1429,8,1427,,1995,1995,,,,,,2,,,,,,,,,,,,,,,,,
7,1429,8,1428,,1995,1995,,,,,,2,,,,,,,,,,,,,,,,,
7,1429,8,1430,,1995,1995,,,,,,2,,,,,,,,,,,,,,,,,
7,1429,8,1431,,1995,1995,,,,,,2,,,,,,,,,,,,,,,,,
7,1430,8,1423,,1995,1995,,,,,,2,,,,,,,,,,,,,,,,,
7,1430,8,1424,,1995,1995,,,,,,2,,,,,,,,,,,,,,,,,
7,1430,8,1425,,1995,1995,,,,,,2,,,,,,,,,,,,,,,,,
7,1430,8,1426,,1995,1995,,,,,,2,,,,,,,,,,,,,,,,,
7,1430,8,1427,,1995,1995,,,,,,2,,,,,,,,,,,,,,,,,
7,1430,8,1428,,1995,1995,,,,,,2,,,,,,,,,,,,,,,,,
7,1430,8,1429,,1995,1995,,,,,,2,,,,,,,,,,,,,,,,,
7,1430,8,1431,,1995,1995,,,,,,2,,,,,,,,,,,,,,,,,
7,1431,8,1423,,1995,1995,,,,,,2,,,,,,,,,,,,,,,,,
7,1431,8,1424,,1995,1995,,,,,,2,,,,,,,,,,,,,,,,,
7,1431,8,1425,,1995,1995,,,,,,2,,,,,,,,,,,,,,,,,
7,1431,8,1426,,1995,1995,,,,,,2,,,,,,,,,,,,,,,,,
7,1431,8,1427,,1995,1995,,,,,,2,,,,,,,,,,,,,,,,,
7,1431,8,1428,,1995,1995,,,,,,2,,,,,,,,,,,,,,,,,
7,1431,8,1429,,1995,1995,,,,,,2,,,,,,,,,,,,,,,,,
7,1431,8,1430,,1995,1995,,,,,,2,,,,,,,,,,,,,,,,,
4,1440,,225,,1995,,,,2,,,,,,,,,,,,,,,,,,,,
4,1440,,229,,1995,,,,2,,,,,,,,,,,,,,,,,,,,
4,1440,,230,,1995,,,,2,,,,,,,,,,,,,,,,,,,,
4,1440,,231,,1995,,,,2,,,,,,,,,,,,,,,,,,,,
4,1440,,1441,,1995,,,,2,,,,,,,,,,,,,,,,,,,,
4,1440,,1450,,1995,,,,2,,,,,,,,,,,,,,,,,,,,
4,1441,,225,,1995,,,,2,,,,,,,,,,,,,,,,,,,,
4,1441,,229,,1995,,,,2,,,,,,,,,,,,,,,,,,,,
4,1441,,230,,1995,,,,2,,,,,,,,,,,,,,,,,,,,
4,1441,,231,,1995,,,,2,,,,,,,,,,,,,,,,,,,,
4,1441,,1440,,1995,,,,2,,,,,,,,,,,,,,,,,,,,
4,1441,,1450,,1995,,,,2,,,,,,,,,,,,,,,,,,,,
4,1442,,1448,,1995,,,,2,,,,,,,,,,,,,,,,,,,,
4,1442,,1444,,1995,,,,2,,,,,,,,,,,,,,,,,,,,
4,1442,,1445,,1995,,,,2,,,,,,,,,,,,,,,,,,,,
4,1442,,1446,,1995,,,,2,,,,,,,,,,,,,,,,,,,,
4,1442,,1447,,1995,,,,2,,,,,,,,,,,,,,,,,,,,
4,1442,,1449,,1995,,,,2,,,,,,,,,,,,,,,,,,,,
4,1443,,226,,1995,,,,1,,,,,,,,,,,,,,,,,,,,
4,1443,,227,,1995,,,,1,,,,,,,,,,,,,,,,,,,,
4,1443,,228,,1995,,,,1,,,,,,,,,,,,,,,,,,,,
4,1444,,1442,,1995,,,,2,,,,,,,,,,,,,,,,,,,,
4,1444,,1445,,1995,,,,2,,,,,,,,,,,,,,,,,,,,
4,1444,,1446,,1995,,,,2,,,,,,,,,,,,,,,,,,,,
4,1444,,1447,,1995,,,,2,,,,,,,,,,,,,,,,,,,,
4,1444,,1448,,1995,,,,2,,,,,,,,,,,,,,,,,,,,
4,1444,,1449,,1995,,,,2,,,,,,,,,,,,,,,,,,,,
4,1445,,1442,,1995,,,,2,,,,,,,,,,,,,,,,,,,,
4,1445,,1444,,1995,,,,2,,,,,,,,,,,,,,,,,,,,
4,1445,,1446,,1995,,,,2,,,,,,,,,,,,,,,,,,,,
4,1445,,1447,,1995,,,,2,,,,,,,,,,,,,,,,,,,,
4,1445,,1448,,1995,,,,2,,,,,,,,,,,,,,,,,,,,
4,1445,,1449,,1995,,,,2,,,,,,,,,,,,,,,,,,,,
4,1446,,1442,,1995,,,,2,,,,,,,,,,,,,,,,,,,,
4,1446,,1444,,1995,,,,2,,,,,,,,,,,,,,,,,,,,
4,1446,,1445,,1995,,,,2,,,,,,,,,,,,,,,,,,,,
4,1446,,1447,,1995,,,,2,,,,,,,,,,,,,,,,,,,,
4,1446,,1448,,1995,,,,2,,,,,,,,,,,,,,,,,,,,
4,1446,,1449,,1995,,,,2,,,,,,,,,,,,,,,,,,,,
4,1447,,1442,,1995,,,,2,,,,,,,,,,,,,,,,,,,,
4,1447,,1444,,1995,,,,2,,,,,,,,,,,,,,,,,,,,
4,1447,,1445,,1995,,,,2,,,,,,,,,,,,,,,,,,,,
4,1447,,1446,,1995,,,,2,,,,,,,,,,,,,,,,,,,,
4,1447,,1448,,1995,,,,2,,,,,,,,,,,,,,,,,,,,
4,1447,,1449,,1995,,,,2,,,,,,,,,,,,,,,,,,,,
4,1448,,1442,,1995,,,,2,,,,,,,,,,,,,,,,,,,,
4,1448,,1444,,1995,,,,2,,,,,,,,,,,,,,,,,,,,
4,1448,,1445,,1995,,,,2,,,,,,,,,,,,,,,,,,,,
4,1448,,1446,,1995,,,,2,,,,,,,,,,,,,,,,,,,,
4,1448,,1447,,1995,,,,2,,,,,,,,,,,,,,,,,,,,
4,1448,,1449,,1995,,,,2,,,,,,,,,,,,,,,,,,,,
4,1449,,1442,,1995,,,,2,,,,,,,,,,,,,,,,,,,,
4,1449,,1444,,1995,,,,2,,,,,,,,,,,,,,,,,,,,
4,1449,,1445,,1995,,,,2,,,,,,,,,,,,,,,,,,,,
4,1449,,1446,,1995,,,,2,,,,,,,,,,,,,,,,,,,,
4,1449,,1447,,1995,,,,2,,,,,,,,,,,,,,,,,,,,
4,1449,,1448,,1995,,,,2,,,,,,,,,,,,,,,,,,,,
4,1450,,225,,1995,,,,2,,,,,,,,,,,,,,,,,,,,
4,1450,,229,,1995,,,,2,,,,,,,,,,,,,,,,,,,,
4,1450,,230,,1995,,,,2,,,,,,,,,,,,,,,,,,,,
4,1450,,231,,1995,,,,2,,,,,,,,,,,,,,,,,,,,
4,1450,,1440,,1995,,,,2,,,,,,,,,,,,,,,,,,,,
4,1450,,1441,,1995,,,,2,,,,,,,,,,,,,,,,,,,,
8,1451,13,242,,1996,1996,,,,,,,2,,,,,,,,,,,,,,,,
8,1451,13,243,,1996,1996,,,,,,,2,,,,,,,,,,,,,,,,
8,1451,13,244,,1996,1996,,,,,,,2,,,,,,,,,,,,,,,,
11,1473,4,19,,1993,1998,,,,,,,,,,1,,,,,,,,,,,,,
11,1474,4,15,,1998,,,,,,,,,,,2,,,,,,,,,,,,,
11,1474,4,50,,1998,1998,,,,,,,,,,1,,,,,,,,,,,,,
11,1474,4,51,,1998,,,,,,,,,,,1,,,,,,,,,,,,,
11,1474,4,56,,1998,1998,,,,,,,,,,2,,,,,,,,,,,,,
11,1474,4,1476,,1998,1998,,,,,,,,,,2,,,,,,,,,,,,,
11,1474,4,1477,,1998,,,,,,,,,,,2,,,,,,,,,,,,,
11,1475,5 (0); 1,51,,1998,,,,,,,,,,,1,,,,,,,,,,,,,
11,1475,5 (0); 1,52,,1998,,,,,,,,,,,2,,,,,,,,,,,,,
11,1475,5 (0); 1,1477,,1998,,,,,,,,,,,2,,,,,,,,,,,,,
11,1475,5 (0); 1,1478,,1998,,,,,,,,,,,2,,,,,,,,,,,,,
11,1475,5 (0); 1,1479,,1998,,,,,,,,,,,2,,,,,,,,,,,,,
11,1475,5 (0); 1,1480,,1998,1998,,,,,,,,,,2,,,,,,,,,,,,,
11,1476,8,15,,1998,1998,,,,,,,,,,2,,,,,,,,,,,,,
11,1476,8,50,,1998,1998,,,,,,,,,,2,,,,,,,,,,,,,
11,1476,8,51,,1998,1998,,,,,,,,,,2,,,,,,,,,,,,,
11,1476,8,56,,1998,1998,,,,,,,,,,2,,,,,,,,,,,,,
11,1476,8,1474,,1998,1998,,,,,,,,,,2,,,,,,,,,,,,,
11,1476,8,1477,,1998,1998,,,,,,,,,,2,,,,,,,,,,,,,
11,1477,5 (0); 9; 11,15,,1998,,,,,,,,,,,2,,,,,,,,,,,,,
11,1477,5 (0); 9; 11,50,,1998,1998,,,,,,,,,,2,,,,,,,,,,,,,
11,1477,5 (0); 9; 11,51,,1998,,,,,,,,,,,2,,,,,,,,,,,,,
11,1477,5 (0); 9; 11,52,,1998,,,,,,,,,,,2,,,,,,,,,,,,,
11,1477,5 (0); 9; 11,56,,1998,1998,,,,,,,,,,2,,,,,,,,,,,,,
11,1477,5 (0); 9; 11,1474,,1998,,,,,,,,,,,2,,,,,,,,,,,,,
11,1477,5 (0); 9; 11,1475,,1998,,,,,,,,,,,2,,,,,,,,,,,,,
11,1477,5 (0); 9; 11,1476,,1998,1998,,,,,,,,,,2,,,,,,,,,,,,,
11,1477,5 (0); 9; 11,1478,,1998,,,,,,,,,,,1,,,,,,,,,,,,,
11,1477,5 (0); 9; 11,1479,,1998,,,,,,,,,,,2,,,,,,,,,,,,,
11,1477,5 (0); 9; 11,1480,,1998,1998,,,,,,,,,,2,,,,,,,,,,,,,
11,1478,5 (0),52,,1998,,,,,,,,,,,2,,,,,,,,,,,,,
11,1478,5 (0),1475,,1998,,,,,,,,,,,2,,,,,,,,,,,,,
11,1478,5 (0),1477,,1998,,,,,,,,,,,1,,,,,,,,,,,,,
11,1478,5 (0),1479,,1998,,,,,,,,,,,2,,,,,,,,,,,,,
11,1478,5 (0),1480,,1998,1998,,,,,,,,,,2,,,,,,,,,,,,,
11,1479,13,52,,1998,,,,,,,,,,,2,,,,,,,,,,,,,
11,1479,13,1475,,1998,,,,,,,,,,,2,,,,,,,,,,,,,
11,1479,13,1477,,1998,,,,,,,,,,,2,,,,,,,,,,,,,
11,1479,13,1478,,1998,,,,,,,,,,,2,,,,,,,,,,,,,
11,1479,13,1480,,1998,1998,,,,,,,,,,2,,,,,,,,,,,,,
11,1480,8,52,,1998,1998,,,,,,,,,,2,,,,,,,,,,,,,
11,1480,8,1475,,1998,,,,,,,,,,,2,,,,,,,,,,,,,
11,1480,8,1477,,1998,,,,,,,,,,,2,,,,,,,,,,,,,
11,1480,8,1478,,1998,,,,,,,,,,,2,,,,,,,,,,,,,
11,1480,8,1479,,1998,1998,,,,,,,,,,2,,,,,,,,,,,,,
22,1481,4; 5 (0),14,,2002,2002,,,,,,,,,,,,,,,,,,1,,,,,
22,1481,4; 5 (0),1482,,2002,2002,,,,,,,,,,,,,,,,,,1,,,,,
22,1482,2,14,,2002,2002,,,,,,,,,,,,,,,,,,1,,,,,
22,1482,2,1481,,2002,2002,,,,,,,,,,,,,,,,,,1,,,,,
22,1482,2,1483,,1990-1999,2002,,,,,,,,,,,,,,,,,,2,,,,,
22,1482,2,1491,,2002,2002,,,,,,,,,,,,,,,,,,2,,,,,
22,1482,2,1493,,2002,2002,,,,,,,,,,,,,,,,,,1,,,,,
22,1482,2,1494,,2002,2002,,,,,,,,,,,,,,,,,,1,,,,,
22,1482,2,1495,,2002,2002,,,,,,,,,,,,,,,,,,1,,,,,
22,1482,2,1496,,2002,2002,,,,,,,,,,,,,,,,,,1,,,,,
22,1483,5 (1),14,,2002,2002,,,,,,,,,,,,,,,,,,1,,,,,
22,1483,5 (1),1482,,1990-1999,2002,,,,,,,,,,,,,,,,,,2,,,,,
22,1483,5 (1),1491,,2002,2002,,,,,,,,,,,,,,,,,,2,,,,,
22,1483,5 (1),1495,,2002,2002,,,,,,,,,,,,,,,,,,1,,,,,
22,1483,5 (1),1496,,2002,2002,,,,,,,,,,,,,,,,,,1,,,,,
22,1484,2,53,,1995-1999,2002,,,,,,,,,,,,,,,,,,2,,,,,
22,1484,2,1489,,2002,2002,,,,,,,,,,,,,,,,,,2,,,,,
22,1484,2,1490,,2002,2002,,,,,,,,,,,,,,,,,,2,,,,,
12,1487,13,344,0,1998,1999,,,,,,,,,,,2,,,,,,,,,,,,
12,1487,5 (2); 3; 9; 11,345,0,1998,1999,,,,,,,,,,,2,,,,,,,,,,,,
12,1487,5 (2); 3; 9; 11,1488,0,1998,1999,,,,,,,,,,,2,,,,,,,,,,,,
12,1488,2,344,,1998,1999,,,,,,,,,,,2,,,,,,,,,,,,
12,1488,2,345,0,1998,1999,,,,,,,,,,,2,,,,,,,,,,,,
12,1488,2,1487,0,1998,1999,,,,,,,,,,,2,,,,,,,,,,,,
22,1489,2,53,,2002,2002,,,,,,,,,,,,,,,,,,2,,,,,
22,1489,2,1484,,2002,2002,,,,,,,,,,,,,,,,,,2,,,,,
22,1489,2,1490,,2002,2002,,,,,,,,,,,,,,,,,,2,,,,,
22,1490,2,53,,2002,2002,,,,,,,,,,,,,,,,,,2,,,,,
22,1490,2,1484,,2002,2002,,,,,,,,,,,,,,,,,,2,,,,,
22,1490,2,1489,,2002,2002,,,,,,,,,,,,,,,,,,2,,,,,
22,1491,2,1482,,2002,2002,,,,,,,,,,,,,,,,,,2,,,,,
22,1491,2,1483,,2002,2002,,,,,,,,,,,,,,,,,,2,,,,,
22,1492,2,53,,2002,2002,,,,,,,,,,,,,,,,,,1,,,,,
22,1493,2,14,,2002,2002,,,,,,,,,,,,,,,,,,1,,,,,
22,1493,2,1482,,2002,2002,,,,,,,,,,,,,,,,,,1,,,,,
22,1493,2,1494,,2002,2002,,,,,,,,,,,,,,,,,,1,,,,,
22,1493,2,1495,,2002,2002,,,,,,,,,,,,,,,,,,1,,,,,
22,1493,2,1496,,2002,2002,,,,,,,,,,,,,,,,,,1,,,,,
22,1494,2,14,,2002,2002,,,,,,,,,,,,,,,,,,1,,,,,
22,1494,2,1482,,2002,2002,,,,,,,,,,,,,,,,,,1,,,,,
22,1494,2,1493,,2002,2002,,,,,,,,,,,,,,,,,,1,,,,,
22,1494,2,1495,,2002,2002,,,,,,,,,,,,,,,,,,1,,,,,
22,1494,2,1496,,2002,2002,,,,,,,,,,,,,,,,,,1,,,,,
22,1495,8,14,,2002,2003,,,,,,,,,,,,,,,,,,2,,,,,
22,1495,8,1482,,2002,2002,,,,,,,,,,,,,,,,,,1,,,,,
22,1495,8,1483,,2002,2002,,,,,,,,,,,,,,,,,,1,,,,,
22,1495,8,1493,,2002,2002,,,,,,,,,,,,,,,,,,1,,,,,
22,1495,8,1494,,2002,2002,,,,,,,,,,,,,,,,,,1,,,,,
22,1495,8,1496,,2002,,,,,,,,,,,,,,,,,,,2,,,,,
22,1496,8,14,,2002,2003,,,,,,,,,,,,,,,,,,2,,,,,
22,1496,8,1482,,2002,2002,,,,,,,,,,,,,,,,,,1,,,,,
22,1496,8,1483,,2002,2002,,,,,,,,,,,,,,,,,,1,,,,,
22,1496,8,1493,,2002,2002,,,,,,,,,,,,,,,,,,1,,,,,
22,1496,8,1494,,2002,2002,,,,,,,,,,,,,,,,,,1,,,,,
22,1496,8,1495,,2002,,,,,,,,,,,,,,,,,,,2,,,,,
22,1497,2,1498,,2002,2004,,,,,,,,,,,,,,,,,,1,,,,,
22,1498,2,1497,,2002,2004,,,,,,,,,,,,,,,,,,1,,,,,
26,1499,1,84,1,2001,2002,,,,,,,,,,,,,,,,,,,,,2,,
26,1499,1,1324,3,1980s,,,,,,,,,,,,,,,,,,,,,,3,,
26,1500,2,84,,2002,2002,,,,,,,,,,,,,,,,,,,,,1,,
26,2500,2,84,,2002,2002,,,,,,,,,,,,,,,,,,,,,1,,
26,2501,2,84,,2002,2002,,,,,,,,,,,,,,,,,,,,,1,,
,,,,,,,,,,,,,,,,,,,,,,,,,,,,,
